,danceability,energy,loudness,speechiness,instrumentalness,valence,tempo,acousticness,key,mode,time_signature,liveness,type,id,uri,track_href,analysis_url,duration_ms
0,0.59,0.632,-7.996,0.0376,0,0.345,110.0,0.301,7,1,4,0.169,audio_features,58SIEtTjWErr0yEXVBKxvd,spotify:track:58SIEtTjWErr0yEXVBKxvd,https://api.spotify.com/v1/tracks/58SIEtTjWErr0yEXVBKxvd,https://api.spotify.com/v1/audio-analysis/58SIEtTjWErr0yEXVBKxvd,153003.0
1,0.589,0.885,-3.4,0.035,0,0.831,91.01,0.545,4,1,4,0.132,audio_features,6H7fLdt0AeWpuxUKXuXWrx,spotify:track:6H7fLdt0AeWpuxUKXuXWrx,https://api.spotify.com/v1/tracks/6H7fLdt0AeWpuxUKXuXWrx,https://api.spotify.com/v1/audio-analysis/6H7fLdt0AeWpuxUKXuXWrx,586076.0
2,0.325,0.427,-7.741,0.0339,0,0.435,75.716,0.719,6,1,3,0.192,audio_features,1Zi1HxNIWVFHx1RxOXkTjB,spotify:track:1Zi1HxNIWVFHx1RxOXkTjB,https://api.spotify.com/v1/tracks/1Zi1HxNIWVFHx1RxOXkTjB,https://api.spotify.com/v1/audio-analysis/1Zi1HxNIWVFHx1RxOXkTjB,417216.0
3,0.698,0.446,-11.845,0.028,3.21e-05,0.296,109.969,0.872,4,1,1,0.0736,audio_features,735bRwgZ4sTH5Vs3iFVnDr,spotify:track:735bRwgZ4sTH5Vs3iFVnDr,https://api.spotify.com/v1/tracks/735bRwgZ4sTH5Vs3iFVnDr,https://api.spotify.com/v1/audio-analysis/735bRwgZ4sTH5Vs3iFVnDr,288545.0
4,0.577,0.805,-0.553,0.0398,0,0.347,77.094,0.662,5,1,4,0.201,audio_features,3ZBTv0pKvJ6YId7ozxW4Uv,spotify:track:3ZBTv0pKvJ6YId7ozxW4Uv,https://api.spotify.com/v1/tracks/3ZBTv0pKvJ6YId7ozxW4Uv,https://api.spotify.com/v1/audio-analysis/3ZBTv0pKvJ6YId7ozxW4Uv,331385.0
5,0.692,0.482,-8.246,0.0274,0,0.388,122.879,0.405,7,1,4,0.152,audio_features,5Q175erZOZJZHKaZzJFYDN,spotify:track:5Q175erZOZJZHKaZzJFYDN,https://api.spotify.com/v1/tracks/5Q175erZOZJZHKaZzJFYDN,https://api.spotify.com/v1/audio-analysis/5Q175erZOZJZHKaZzJFYDN,241933.0
6,0.293,0.237,-8.17,0.0284,0,0.108,92.935,0.78,6,1,4,0.11,audio_features,7r9kOxiNDnkAg5QKqtyjVk,spotify:track:7r9kOxiNDnkAg5QKqtyjVk,https://api.spotify.com/v1/tracks/7r9kOxiNDnkAg5QKqtyjVk,https://api.spotify.com/v1/audio-analysis/7r9kOxiNDnkAg5QKqtyjVk,215613.0
7,0.262,0.361,-10.187,0.0333,0.00268,0.056,126.786,0.508,2,1,4,0.108,audio_features,5Mw9bXG1dLNhbjofkVS2oR,spotify:track:5Mw9bXG1dLNhbjofkVS2oR,https://api.spotify.com/v1/tracks/5Mw9bXG1dLNhbjofkVS2oR,https://api.spotify.com/v1/audio-analysis/5Mw9bXG1dLNhbjofkVS2oR,535963.0
8,0.143,0.073,-28.019,0.0427,0.835,0.0348,141.011,0.939,2,1,4,0.102,audio_features,17mJsiuoDPQwVfgk8G9Nxj,spotify:track:17mJsiuoDPQwVfgk8G9Nxj,https://api.spotify.com/v1/tracks/17mJsiuoDPQwVfgk8G9Nxj,https://api.spotify.com/v1/audio-analysis/17mJsiuoDPQwVfgk8G9Nxj,163000.0
9,0.572,0.685,-7.29,0.0356,0,0.232,110.698,0.0291,6,1,4,0.0963,audio_features,0rH0mprtecH3grD9HFM5AD,spotify:track:0rH0mprtecH3grD9HFM5AD,https://api.spotify.com/v1/tracks/0rH0mprtecH3grD9HFM5AD,https://api.spotify.com/v1/audio-analysis/0rH0mprtecH3grD9HFM5AD,333386.0
10,0.0782,0.0477,-28.6,0.0537,0.8,0.0384,81.762,0.204,0,1,4,0.0754,audio_features,6fucZ6mdZ6OoeDdBbgN6ZC,spotify:track:6fucZ6mdZ6OoeDdBbgN6ZC,https://api.spotify.com/v1/tracks/6fucZ6mdZ6OoeDdBbgN6ZC,https://api.spotify.com/v1/audio-analysis/6fucZ6mdZ6OoeDdBbgN6ZC,82410.0
11,0.226,0.0218,-16.418,0.0365,0.00144,0.182,75.565,0.946,5,1,5,0.159,audio_features,3pP8pyWvQX6vbrpEcRYgqa,spotify:track:3pP8pyWvQX6vbrpEcRYgqa,https://api.spotify.com/v1/tracks/3pP8pyWvQX6vbrpEcRYgqa,https://api.spotify.com/v1/audio-analysis/3pP8pyWvQX6vbrpEcRYgqa,288305.0
12,0.625,0.727,-3.035,0.0308,0,0.894,86.471,0.777,4,1,3,0.0717,audio_features,3ZF9iTthw2m6w8MsNC0daD,spotify:track:3ZF9iTthw2m6w8MsNC0daD,https://api.spotify.com/v1/tracks/3ZF9iTthw2m6w8MsNC0daD,https://api.spotify.com/v1/audio-analysis/3ZF9iTthw2m6w8MsNC0daD,368700.0
13,0.476,0.393,-5.207,0.032,0,0.295,112.976,0.889,1,1,5,0.116,audio_features,2FJogCUuqj3uDTbty6FOey,spotify:track:2FJogCUuqj3uDTbty6FOey,https://api.spotify.com/v1/tracks/2FJogCUuqj3uDTbty6FOey,https://api.spotify.com/v1/audio-analysis/2FJogCUuqj3uDTbty6FOey,328168.0
14,0.318,0.573,-5.653,0.0324,0,0.0765,156.054,0.107,1,1,4,0.0854,audio_features,0jOSpB2zK2O0SNxj8ZT5lp,spotify:track:0jOSpB2zK2O0SNxj8ZT5lp,https://api.spotify.com/v1/tracks/0jOSpB2zK2O0SNxj8ZT5lp,https://api.spotify.com/v1/audio-analysis/0jOSpB2zK2O0SNxj8ZT5lp,305427.0
15,0.395,0.575,-5.829,0.0326,0,0.187,169.983,0.22,4,1,4,0.102,audio_features,6NU7EbNi0lwgqaApqBTCZt,spotify:track:6NU7EbNi0lwgqaApqBTCZt,https://api.spotify.com/v1/tracks/6NU7EbNi0lwgqaApqBTCZt,https://api.spotify.com/v1/audio-analysis/6NU7EbNi0lwgqaApqBTCZt,270269.0
16,0.646,0.647,-7.669,0.0255,0,0.677,136.005,0.0712,7,1,4,0.216,audio_features,6lMk5sY36yHg5vY2Q29lJd,spotify:track:6lMk5sY36yHg5vY2Q29lJd,https://api.spotify.com/v1/tracks/6lMk5sY36yHg5vY2Q29lJd,https://api.spotify.com/v1/audio-analysis/6lMk5sY36yHg5vY2Q29lJd,253200.0
17,0.413,0.636,-5.651,0.0407,0,0.203,176.048,0.0186,9,1,4,0.106,audio_features,50f6Sc85lbQgEaOfQm41Zr,spotify:track:50f6Sc85lbQgEaOfQm41Zr,https://api.spotify.com/v1/tracks/50f6Sc85lbQgEaOfQm41Zr,https://api.spotify.com/v1/audio-analysis/50f6Sc85lbQgEaOfQm41Zr,211600.0
18,0.42,0.612,-5.359,0.048,0,0.135,159.685,0.0917,4,1,4,0.0914,audio_features,1G5S1rEr4L57ftizRHcYDP,spotify:track:1G5S1rEr4L57ftizRHcYDP,https://api.spotify.com/v1/tracks/1G5S1rEr4L57ftizRHcYDP,https://api.spotify.com/v1/audio-analysis/1G5S1rEr4L57ftizRHcYDP,248253.0
19,0.237,0.133,-20.336,0.0348,3.26e-05,0.097,171.49,0.842,2,1,4,0.389,audio_features,1PSFtCx1i5J6b7mSxhTXIz,spotify:track:1PSFtCx1i5J6b7mSxhTXIz,https://api.spotify.com/v1/tracks/1PSFtCx1i5J6b7mSxhTXIz,https://api.spotify.com/v1/audio-analysis/1PSFtCx1i5J6b7mSxhTXIz,102907.0
20,0.162,0.0599,-27.666,0.038,0.925,0.0386,132.712,0.966,9,1,4,0.0908,audio_features,5tqb1P8EzPXBYWz7XtVOZF,spotify:track:5tqb1P8EzPXBYWz7XtVOZF,https://api.spotify.com/v1/tracks/5tqb1P8EzPXBYWz7XtVOZF,https://api.spotify.com/v1/audio-analysis/5tqb1P8EzPXBYWz7XtVOZF,185000.0
21,0.0834,0.0188,-32.719,0.0567,0.354,0.0336,167.774,0.219,0,1,3,0.0878,audio_features,5fYsehSsvX5H4VpMNrGN98,spotify:track:5fYsehSsvX5H4VpMNrGN98,https://api.spotify.com/v1/tracks/5fYsehSsvX5H4VpMNrGN98,https://api.spotify.com/v1/audio-analysis/5fYsehSsvX5H4VpMNrGN98,73043.0
22,0.129,0.179,-17.081,0.0459,0.013,0.0735,59.407,0.98,9,1,4,0.134,audio_features,1wIQ2Nm0raqOapHK4bCD3J,spotify:track:1wIQ2Nm0raqOapHK4bCD3J,https://api.spotify.com/v1/tracks/1wIQ2Nm0raqOapHK4bCD3J,https://api.spotify.com/v1/audio-analysis/1wIQ2Nm0raqOapHK4bCD3J,211067.0
23,0.58,0.3,-12.911,0.0602,1.25e-06,0.197,85.033,0.546,5,1,1,0.169,audio_features,0jZq0zDujagh2kLVYVGsN8,spotify:track:0jZq0zDujagh2kLVYVGsN8,https://api.spotify.com/v1/tracks/0jZq0zDujagh2kLVYVGsN8,https://api.spotify.com/v1/audio-analysis/0jZq0zDujagh2kLVYVGsN8,144351.0
24,0.596,0.264,-16.659,0.0264,0.296,0.443,103.995,0.921,1,1,4,0.208,audio_features,7ehIxbkcQjTjpi061mbYxQ,spotify:track:7ehIxbkcQjTjpi061mbYxQ,https://api.spotify.com/v1/tracks/7ehIxbkcQjTjpi061mbYxQ,https://api.spotify.com/v1/audio-analysis/7ehIxbkcQjTjpi061mbYxQ,531520.0
25,0.391,0.317,-10.449,0.0383,0,0.276,125.874,0.487,0,1,4,0.108,audio_features,70zZclGWOjOVv9VRJ7RCyq,spotify:track:70zZclGWOjOVv9VRJ7RCyq,https://api.spotify.com/v1/tracks/70zZclGWOjOVv9VRJ7RCyq,https://api.spotify.com/v1/audio-analysis/70zZclGWOjOVv9VRJ7RCyq,430760.0
26,0.445,0.821,-5.146,0.136,0,0.398,164.154,0.0129,1,1,4,0.357,audio_features,18QN5s8wxFP61qsKPLiBue,spotify:track:18QN5s8wxFP61qsKPLiBue,https://api.spotify.com/v1/tracks/18QN5s8wxFP61qsKPLiBue,https://api.spotify.com/v1/audio-analysis/18QN5s8wxFP61qsKPLiBue,205147.0
27,0.605,0.354,-10.989,0.0278,0,0.532,99.914,0.762,7,1,4,0.232,audio_features,5Wvs0GljCiKenUHRdq2PQb,spotify:track:5Wvs0GljCiKenUHRdq2PQb,https://api.spotify.com/v1/tracks/5Wvs0GljCiKenUHRdq2PQb,https://api.spotify.com/v1/audio-analysis/5Wvs0GljCiKenUHRdq2PQb,287881.0
28,0.354,0.0608,-23.578,0.0369,0.216,0.0974,133.256,0.958,8,0,4,0.0724,audio_features,6wiRpaYhklojTqqXLd149a,spotify:track:6wiRpaYhklojTqqXLd149a,https://api.spotify.com/v1/tracks/6wiRpaYhklojTqqXLd149a,https://api.spotify.com/v1/audio-analysis/6wiRpaYhklojTqqXLd149a,476724.0
29,0.508,0.719,-5.721,0.0349,3.5e-05,0.2,132.111,0.245,7,1,4,0.875,audio_features,4yatXJP2xfGvVpEQOthgqV,spotify:track:4yatXJP2xfGvVpEQOthgqV,https://api.spotify.com/v1/tracks/4yatXJP2xfGvVpEQOthgqV,https://api.spotify.com/v1/audio-analysis/4yatXJP2xfGvVpEQOthgqV,274107.0
30,0.225,0.139,-19.928,0.0364,0,0.0861,173.153,0.787,2,1,1,0.384,audio_features,4CffnhQ5Myd0G7fCKOprw8,spotify:track:4CffnhQ5Myd0G7fCKOprw8,https://api.spotify.com/v1/tracks/4CffnhQ5Myd0G7fCKOprw8,https://api.spotify.com/v1/audio-analysis/4CffnhQ5Myd0G7fCKOprw8,102907.0
31,0.143,0.0655,-27.679,0.0498,0.969,0.0353,140.387,0.977,9,1,4,0.102,audio_features,6P94jjPofysruaaZbGA5U4,spotify:track:6P94jjPofysruaaZbGA5U4,https://api.spotify.com/v1/tracks/6P94jjPofysruaaZbGA5U4,https://api.spotify.com/v1/audio-analysis/6P94jjPofysruaaZbGA5U4,150000.0
32,0.129,0.09,-28.917,0.0417,0.625,0.0385,82.204,0.845,5,1,4,0.097,audio_features,6eIJKB5JEKhNcRYBNcMQLW,spotify:track:6eIJKB5JEKhNcRYBNcMQLW,https://api.spotify.com/v1/tracks/6eIJKB5JEKhNcRYBNcMQLW,https://api.spotify.com/v1/audio-analysis/6eIJKB5JEKhNcRYBNcMQLW,93158.0
33,0.523,0.549,-11.508,0.0439,0,0.661,92.521,0.218,2,1,4,0.0797,audio_features,1qWBWMCMNd7wIXaknViBvc,spotify:track:1qWBWMCMNd7wIXaknViBvc,https://api.spotify.com/v1/tracks/1qWBWMCMNd7wIXaknViBvc,https://api.spotify.com/v1/audio-analysis/1qWBWMCMNd7wIXaknViBvc,348333.0
34,0.457,0.451,-6.997,0.029,0,0.185,74.923,0.517,10,1,4,0.0928,audio_features,4EHWldZTas5KUyFtT0rQlY,spotify:track:4EHWldZTas5KUyFtT0rQlY,https://api.spotify.com/v1/tracks/4EHWldZTas5KUyFtT0rQlY,https://api.spotify.com/v1/audio-analysis/4EHWldZTas5KUyFtT0rQlY,205667.0
35,0.364,0.143,-21.383,0.0405,0.000336,0.213,160.009,0.932,0,0,3,0.18,audio_features,0P9s5T81rdcecfKSsY2Oij,spotify:track:0P9s5T81rdcecfKSsY2Oij,https://api.spotify.com/v1/tracks/0P9s5T81rdcecfKSsY2Oij,https://api.spotify.com/v1/audio-analysis/0P9s5T81rdcecfKSsY2Oij,432987.0
36,0.193,0.303,-14.909,0.034,0.898,0.0423,79.037,0.887,11,1,4,0.415,audio_features,6byZM4jNiB8t6wxedmAK6a,spotify:track:6byZM4jNiB8t6wxedmAK6a,https://api.spotify.com/v1/tracks/6byZM4jNiB8t6wxedmAK6a,https://api.spotify.com/v1/audio-analysis/6byZM4jNiB8t6wxedmAK6a,113012.0
37,0.471,0.222,-9.537,0.0274,8.1e-06,0.0799,93.803,0.761,7,1,4,0.116,audio_features,2rpZ2T8xOiDnn5VpYXvwIC,spotify:track:2rpZ2T8xOiDnn5VpYXvwIC,https://api.spotify.com/v1/tracks/2rpZ2T8xOiDnn5VpYXvwIC,https://api.spotify.com/v1/audio-analysis/2rpZ2T8xOiDnn5VpYXvwIC,258814.0
38,0.671,0.757,-6.935,0.0978,1.79e-06,0.539,198.035,0.399,8,1,4,0.2,audio_features,1Z25zW2xBqMHVfgYAdKeqX,spotify:track:1Z25zW2xBqMHVfgYAdKeqX,https://api.spotify.com/v1/tracks/1Z25zW2xBqMHVfgYAdKeqX,https://api.spotify.com/v1/audio-analysis/1Z25zW2xBqMHVfgYAdKeqX,153182.0
39,0.535,0.0708,-22.327,0.045,0.00779,0.244,73.91,0.95,3,0,4,0.0874,audio_features,5v9iJSk2leCP8JCGpIzEkr,spotify:track:5v9iJSk2leCP8JCGpIzEkr,https://api.spotify.com/v1/tracks/5v9iJSk2leCP8JCGpIzEkr,https://api.spotify.com/v1/audio-analysis/5v9iJSk2leCP8JCGpIzEkr,264122.0
40,0.679,0.563,-7.529,0.0448,0,0.479,81.987,0.69,1,0,4,0.392,audio_features,7HETPbsuO21OP97WdkB0bK,spotify:track:7HETPbsuO21OP97WdkB0bK,https://api.spotify.com/v1/tracks/7HETPbsuO21OP97WdkB0bK,https://api.spotify.com/v1/audio-analysis/7HETPbsuO21OP97WdkB0bK,236341.0
41,0.543,0.538,-8.262,0.0289,0,0.301,135.822,0.134,0,1,4,0.819,audio_features,4B6Dq9yCXAyZUzGH8ULq1N,spotify:track:4B6Dq9yCXAyZUzGH8ULq1N,https://api.spotify.com/v1/tracks/4B6Dq9yCXAyZUzGH8ULq1N,https://api.spotify.com/v1/audio-analysis/4B6Dq9yCXAyZUzGH8ULq1N,211069.0
42,0.153,0.0258,-28.761,0.0463,0.914,0.037,135.289,0.859,2,1,3,0.108,audio_features,1u9LTPockjPQCvrpCmKYGl,spotify:track:1u9LTPockjPQCvrpCmKYGl,https://api.spotify.com/v1/tracks/1u9LTPockjPQCvrpCmKYGl,https://api.spotify.com/v1/audio-analysis/1u9LTPockjPQCvrpCmKYGl,92000.0
43,0.196,0.0199,-32.068,0.0472,0.816,0.0312,71.347,0.908,0,1,4,0.0789,audio_features,3phm4So9WxGDTmdjiM00Qg,spotify:track:3phm4So9WxGDTmdjiM00Qg,https://api.spotify.com/v1/tracks/3phm4So9WxGDTmdjiM00Qg,https://api.spotify.com/v1/audio-analysis/3phm4So9WxGDTmdjiM00Qg,93506.0
44,0.576,0.303,-10.359,0.0489,0,0.753,77.872,0.786,1,1,4,0.0993,audio_features,1hrF6s6kfXuPv14OrD9v6X,spotify:track:1hrF6s6kfXuPv14OrD9v6X,https://api.spotify.com/v1/tracks/1hrF6s6kfXuPv14OrD9v6X,https://api.spotify.com/v1/audio-analysis/1hrF6s6kfXuPv14OrD9v6X,198140.0
45,0.269,0.573,-5.74,0.0372,0,0.246,180.117,0.329,2,1,3,0.137,audio_features,7gUJ7lxBwciZpkohIRt5ph,spotify:track:7gUJ7lxBwciZpkohIRt5ph,https://api.spotify.com/v1/tracks/7gUJ7lxBwciZpkohIRt5ph,https://api.spotify.com/v1/audio-analysis/7gUJ7lxBwciZpkohIRt5ph,248040.0
46,0.377,0.265,-12.67,0.0344,0.00347,0.173,135.801,0.715,1,1,4,0.11,audio_features,6I2GrwoJw23AKpqpE14KFq,spotify:track:6I2GrwoJw23AKpqpE14KFq,https://api.spotify.com/v1/tracks/6I2GrwoJw23AKpqpE14KFq,https://api.spotify.com/v1/audio-analysis/6I2GrwoJw23AKpqpE14KFq,302043.0
47,0.259,0.143,-14.852,0.0351,0.371,0.0993,132.359,0.895,8,1,3,0.101,audio_features,77vQsr0DhechA4ImfBlxwt,spotify:track:77vQsr0DhechA4ImfBlxwt,https://api.spotify.com/v1/tracks/77vQsr0DhechA4ImfBlxwt,https://api.spotify.com/v1/audio-analysis/77vQsr0DhechA4ImfBlxwt,414759.0
48,0.539,0.253,-9.125,0.0301,0,0.25,109.753,0.871,7,1,4,0.126,audio_features,5oOIUyJcQlOw2q0nGcQ0a8,spotify:track:5oOIUyJcQlOw2q0nGcQ0a8,https://api.spotify.com/v1/tracks/5oOIUyJcQlOw2q0nGcQ0a8,https://api.spotify.com/v1/audio-analysis/5oOIUyJcQlOw2q0nGcQ0a8,233813.0
49,0.456,0.438,-8.457,0.0286,0,0.0972,144.047,0.163,5,1,4,0.194,audio_features,6Z85UCEueQcgSyChlrEu5G,spotify:track:6Z85UCEueQcgSyChlrEu5G,https://api.spotify.com/v1/tracks/6Z85UCEueQcgSyChlrEu5G,https://api.spotify.com/v1/audio-analysis/6Z85UCEueQcgSyChlrEu5G,265120.0
0,0.494,0.632,-6.89,0.0342,0,0.0797,147.873,0.682,5,1,4,0.0869,audio_features,6Up545NUflOiXo8cEraH49,spotify:track:6Up545NUflOiXo8cEraH49,https://api.spotify.com/v1/tracks/6Up545NUflOiXo8cEraH49,https://api.spotify.com/v1/audio-analysis/6Up545NUflOiXo8cEraH49,274693.0
1,0.42,0.612,-5.359,0.048,0,0.135,159.685,0.0917,4,1,4,0.0914,audio_features,1G5S1rEr4L57ftizRHcYDP,spotify:track:1G5S1rEr4L57ftizRHcYDP,https://api.spotify.com/v1/tracks/1G5S1rEr4L57ftizRHcYDP,https://api.spotify.com/v1/audio-analysis/1G5S1rEr4L57ftizRHcYDP,248253.0
2,0.417,0.524,-6.6,0.0326,0,0.152,75.266,0.048,10,1,4,0.103,audio_features,72B1Omo2kmEst4YKO8vOB6,spotify:track:72B1Omo2kmEst4YKO8vOB6,https://api.spotify.com/v1/tracks/72B1Omo2kmEst4YKO8vOB6,https://api.spotify.com/v1/audio-analysis/72B1Omo2kmEst4YKO8vOB6,238307.0
3,0.561,0.717,-5.72,0.0381,0,0.455,79.993,0.458,8,1,4,0.138,audio_features,0W7KIc2GSB9suYQAaMZ9rF,spotify:track:0W7KIc2GSB9suYQAaMZ9rF,https://api.spotify.com/v1/tracks/0W7KIc2GSB9suYQAaMZ9rF,https://api.spotify.com/v1/audio-analysis/0W7KIc2GSB9suYQAaMZ9rF,206400.0
4,0.512,0.814,-5.467,0.0327,0,0.277,97.996,0.00419,10,1,4,0.0991,audio_features,0RW1xWSPxmbXf012RN3yWl,spotify:track:0RW1xWSPxmbXf012RN3yWl,https://api.spotify.com/v1/tracks/0RW1xWSPxmbXf012RN3yWl,https://api.spotify.com/v1/audio-analysis/0RW1xWSPxmbXf012RN3yWl,279787.0
5,0.581,0.715,-5.524,0.0413,1.27e-06,0.52,90.123,0.162,11,1,4,0.258,audio_features,02RCTBFKyLaECOTgfr0zTM,spotify:track:02RCTBFKyLaECOTgfr0zTM,https://api.spotify.com/v1/tracks/02RCTBFKyLaECOTgfr0zTM,https://api.spotify.com/v1/audio-analysis/02RCTBFKyLaECOTgfr0zTM,176707.0
6,0.373,0.506,-5.404,0.0273,1.03e-06,0.123,157.742,0.718,0,0,3,0.118,audio_features,1V3eyBz3pfkn9lBOlfle4x,spotify:track:1V3eyBz3pfkn9lBOlfle4x,https://api.spotify.com/v1/tracks/1V3eyBz3pfkn9lBOlfle4x,https://api.spotify.com/v1/audio-analysis/1V3eyBz3pfkn9lBOlfle4x,236200.0
7,0.576,0.303,-10.359,0.0489,0,0.753,77.872,0.786,1,1,4,0.0993,audio_features,1hrF6s6kfXuPv14OrD9v6X,spotify:track:1hrF6s6kfXuPv14OrD9v6X,https://api.spotify.com/v1/tracks/1hrF6s6kfXuPv14OrD9v6X,https://api.spotify.com/v1/audio-analysis/1hrF6s6kfXuPv14OrD9v6X,198140.0
8,0.471,0.164,-10.879,0.0324,0,0.17,125.242,0.833,7,1,4,0.101,audio_features,5W9Al2ewPfzbWHOV2BAtBR,spotify:track:5W9Al2ewPfzbWHOV2BAtBR,https://api.spotify.com/v1/tracks/5W9Al2ewPfzbWHOV2BAtBR,https://api.spotify.com/v1/audio-analysis/5W9Al2ewPfzbWHOV2BAtBR,267067.0
9,0.467,0.715,-5.076,0.0348,0,0.367,156.074,0.0231,0,1,4,0.144,audio_features,17GmwQ9Q3MTAz05OokmNNB,spotify:track:17GmwQ9Q3MTAz05OokmNNB,https://api.spotify.com/v1/tracks/17GmwQ9Q3MTAz05OokmNNB,https://api.spotify.com/v1/audio-analysis/17GmwQ9Q3MTAz05OokmNNB,196467.0
10,0.538,0.41,-9.708,0.0297,1.07e-05,0.115,80.971,0.2,9,1,3,0.0676,audio_features,7o7YMusB6yqUQUtz7lDVrg,spotify:track:7o7YMusB6yqUQUtz7lDVrg,https://api.spotify.com/v1/tracks/7o7YMusB6yqUQUtz7lDVrg,https://api.spotify.com/v1/audio-analysis/7o7YMusB6yqUQUtz7lDVrg,255320.0
11,0.412,0.645,-5.935,0.0347,0,0.213,173.207,0.0517,6,1,3,0.108,audio_features,14y2v3YBpaAxsDpNqXAiVm,spotify:track:14y2v3YBpaAxsDpNqXAiVm,https://api.spotify.com/v1/tracks/14y2v3YBpaAxsDpNqXAiVm,https://api.spotify.com/v1/audio-analysis/14y2v3YBpaAxsDpNqXAiVm,201671.0
12,0.306,0.304,-8.178,0.0288,0,0.277,139.32,0.834,0,1,4,0.154,audio_features,6FVg2subR7uoD80BmTOsdR,spotify:track:6FVg2subR7uoD80BmTOsdR,https://api.spotify.com/v1/tracks/6FVg2subR7uoD80BmTOsdR,https://api.spotify.com/v1/audio-analysis/6FVg2subR7uoD80BmTOsdR,187573.0
13,0.618,0.591,-7.666,0.0364,0,0.451,125.969,0.291,11,1,4,0.121,audio_features,0CbDc6JeCKQGYVAI89abdm,spotify:track:0CbDc6JeCKQGYVAI89abdm,https://api.spotify.com/v1/tracks/0CbDc6JeCKQGYVAI89abdm,https://api.spotify.com/v1/audio-analysis/0CbDc6JeCKQGYVAI89abdm,219427.0
14,0.545,0.472,-7.552,0.0279,0,0.193,134.027,0.434,11,1,4,0.0684,audio_features,5VUQsLff8A3ruAyCdTxqzg,spotify:track:5VUQsLff8A3ruAyCdTxqzg,https://api.spotify.com/v1/tracks/5VUQsLff8A3ruAyCdTxqzg,https://api.spotify.com/v1/audio-analysis/5VUQsLff8A3ruAyCdTxqzg,335907.0
15,0.58,0.704,-5.942,0.0282,0,0.549,139.896,0.0428,8,1,4,0.101,audio_features,6okuhsKrNfoxY4FdJpClgy,spotify:track:6okuhsKrNfoxY4FdJpClgy,https://api.spotify.com/v1/tracks/6okuhsKrNfoxY4FdJpClgy,https://api.spotify.com/v1/audio-analysis/6okuhsKrNfoxY4FdJpClgy,197046.0
16,0.496,0.645,-5.346,0.0419,0,0.317,72.014,0.271,6,0,4,0.107,audio_features,5maAhFnbY2RPPYcaCPB1Tb,spotify:track:5maAhFnbY2RPPYcaCPB1Tb,https://api.spotify.com/v1/tracks/5maAhFnbY2RPPYcaCPB1Tb,https://api.spotify.com/v1/audio-analysis/5maAhFnbY2RPPYcaCPB1Tb,203774.0
17,0.814,0.613,-4.312,0.0395,0,0.77,107.021,0.299,4,1,4,0.11,audio_features,5EOxWjVqnImaK8gnvFCFTt,spotify:track:5EOxWjVqnImaK8gnvFCFTt,https://api.spotify.com/v1/tracks/5EOxWjVqnImaK8gnvFCFTt,https://api.spotify.com/v1/audio-analysis/5EOxWjVqnImaK8gnvFCFTt,168647.0
18,0.6,0.875,-5.839,0.101,0,0.734,84.061,0.114,5,0,4,0.715,audio_features,5qFDlKHNb0v68YSghSY4GK,spotify:track:5qFDlKHNb0v68YSghSY4GK,https://api.spotify.com/v1/tracks/5qFDlKHNb0v68YSghSY4GK,https://api.spotify.com/v1/audio-analysis/5qFDlKHNb0v68YSghSY4GK,340133.0
19,0.434,0.865,-5.575,0.0518,0,0.36,156.11,0.0161,8,1,4,0.378,audio_features,520DLGbk0HtjYAkcTVjuaq,spotify:track:520DLGbk0HtjYAkcTVjuaq,https://api.spotify.com/v1/tracks/520DLGbk0HtjYAkcTVjuaq,https://api.spotify.com/v1/audio-analysis/520DLGbk0HtjYAkcTVjuaq,217656.0
20,0.468,0.786,-2.757,0.0334,0,0.461,84.992,0.0363,9,1,4,0.31,audio_features,2aMb1asq5acm7cDYlFsYhY,spotify:track:2aMb1asq5acm7cDYlFsYhY,https://api.spotify.com/v1/tracks/2aMb1asq5acm7cDYlFsYhY,https://api.spotify.com/v1/audio-analysis/2aMb1asq5acm7cDYlFsYhY,219720.0
21,0.697,0.944,-2.796,0.0327,0.000162,0.846,119.994,0.00173,7,0,4,0.32,audio_features,5legkLUDyq0qOg4TR7wUAs,spotify:track:5legkLUDyq0qOg4TR7wUAs,https://api.spotify.com/v1/tracks/5legkLUDyq0qOg4TR7wUAs,https://api.spotify.com/v1/audio-analysis/5legkLUDyq0qOg4TR7wUAs,223627.0
22,0.509,0.75,-5.884,0.0397,0,0.131,120.001,0.00208,11,1,4,0.182,audio_features,0pAPFaE1Iwfvex9EVJuQlG,spotify:track:0pAPFaE1Iwfvex9EVJuQlG,https://api.spotify.com/v1/tracks/0pAPFaE1Iwfvex9EVJuQlG,https://api.spotify.com/v1/audio-analysis/0pAPFaE1Iwfvex9EVJuQlG,248733.0
23,0.619,0.631,-6.9,0.0301,1.96e-05,0.6,97.99,0.226,1,1,4,0.128,audio_features,5hPNvjfHsshgegY71cKdhO,spotify:track:5hPNvjfHsshgegY71cKdhO,https://api.spotify.com/v1/tracks/5hPNvjfHsshgegY71cKdhO,https://api.spotify.com/v1/audio-analysis/5hPNvjfHsshgegY71cKdhO,225681.0
24,0.461,0.802,-4.448,0.0325,0,0.342,144.518,0.112,0,1,4,0.116,audio_features,6HRU0CPcG0q3Dq8XVBWacL,spotify:track:6HRU0CPcG0q3Dq8XVBWacL,https://api.spotify.com/v1/tracks/6HRU0CPcG0q3Dq8XVBWacL,https://api.spotify.com/v1/audio-analysis/6HRU0CPcG0q3Dq8XVBWacL,221333.0
25,0.513,0.627,-7.455,0.0429,2.79e-06,0.109,143.988,0.64,3,1,4,0.165,audio_features,2fV1D2YYFYreZXNDhqxk4D,spotify:track:2fV1D2YYFYreZXNDhqxk4D,https://api.spotify.com/v1/tracks/2fV1D2YYFYreZXNDhqxk4D,https://api.spotify.com/v1/audio-analysis/2fV1D2YYFYreZXNDhqxk4D,202284.0
26,0.241,0.445,-10.443,0.0386,0,0.205,78.448,0.694,8,1,4,0.0842,audio_features,4OK1XrubP6GJs4f6czk8Jg,spotify:track:4OK1XrubP6GJs4f6czk8Jg,https://api.spotify.com/v1/tracks/4OK1XrubP6GJs4f6czk8Jg,https://api.spotify.com/v1/audio-analysis/4OK1XrubP6GJs4f6czk8Jg,306533.0
27,0.292,0.448,-7.931,0.036,0,0.331,80.092,0.187,0,1,4,0.235,audio_features,15eJjGIuCDEtF6ph4Hd3eR,spotify:track:15eJjGIuCDEtF6ph4Hd3eR,https://api.spotify.com/v1/tracks/15eJjGIuCDEtF6ph4Hd3eR,https://api.spotify.com/v1/audio-analysis/15eJjGIuCDEtF6ph4Hd3eR,205760.0
28,0.49,0.383,-6.072,0.0316,0,0.212,126.272,0.657,8,1,5,0.172,audio_features,6vXOAkNQQ1KLmnC7vGYA0c,spotify:track:6vXOAkNQQ1KLmnC7vGYA0c,https://api.spotify.com/v1/tracks/6vXOAkNQQ1KLmnC7vGYA0c,https://api.spotify.com/v1/audio-analysis/6vXOAkNQQ1KLmnC7vGYA0c,297693.0
29,0.531,0.622,-4.737,0.0424,0,0.263,145.951,0.0607,7,1,4,0.131,audio_features,0covwa001dCZVFNB2Jz2tt,spotify:track:0covwa001dCZVFNB2Jz2tt,https://api.spotify.com/v1/tracks/0covwa001dCZVFNB2Jz2tt,https://api.spotify.com/v1/audio-analysis/0covwa001dCZVFNB2Jz2tt,192862.0
30,0.619,0.75,-6.512,0.0667,0,0.392,81.03,0.034,2,1,4,0.532,audio_features,4Wea9K8KRTsrlfIks5yepP,spotify:track:4Wea9K8KRTsrlfIks5yepP,https://api.spotify.com/v1/tracks/4Wea9K8KRTsrlfIks5yepP,https://api.spotify.com/v1/audio-analysis/4Wea9K8KRTsrlfIks5yepP,191533.0
31,0.509,0.778,-3.608,0.0295,0,0.216,105.066,0.00998,11,1,4,0.19,audio_features,40lKptao1hxVqA7fd1OOGp,spotify:track:40lKptao1hxVqA7fd1OOGp,https://api.spotify.com/v1/tracks/40lKptao1hxVqA7fd1OOGp,https://api.spotify.com/v1/audio-analysis/40lKptao1hxVqA7fd1OOGp,285160.0
32,0.49,0.664,-4.943,0.0384,0,0.372,84.992,0.22,7,1,4,0.212,audio_features,7mwGxVzcNze72t7F2Om5dh,spotify:track:7mwGxVzcNze72t7F2Om5dh,https://api.spotify.com/v1/tracks/7mwGxVzcNze72t7F2Om5dh,https://api.spotify.com/v1/audio-analysis/7mwGxVzcNze72t7F2Om5dh,175143.0
33,0.461,0.413,-6.914,0.0327,2.25e-06,0.351,115.568,0.197,6,1,4,0.312,audio_features,6fG46PUotZMTgcAzAtFLOk,spotify:track:6fG46PUotZMTgcAzAtFLOk,https://api.spotify.com/v1/tracks/6fG46PUotZMTgcAzAtFLOk,https://api.spotify.com/v1/audio-analysis/6fG46PUotZMTgcAzAtFLOk,287573.0
34,0.61,0.813,-4.048,0.0301,0,0.729,87.005,0.127,11,0,4,0.107,audio_features,4BhKsrfLowNbN7F3JVhI8i,spotify:track:4BhKsrfLowNbN7F3JVhI8i,https://api.spotify.com/v1/tracks/4BhKsrfLowNbN7F3JVhI8i,https://api.spotify.com/v1/audio-analysis/4BhKsrfLowNbN7F3JVhI8i,215133.0
35,0.671,0.757,-6.935,0.0978,1.79e-06,0.539,198.035,0.399,8,1,4,0.2,audio_features,1Z25zW2xBqMHVfgYAdKeqX,spotify:track:1Z25zW2xBqMHVfgYAdKeqX,https://api.spotify.com/v1/tracks/1Z25zW2xBqMHVfgYAdKeqX,https://api.spotify.com/v1/audio-analysis/1Z25zW2xBqMHVfgYAdKeqX,153182.0
36,0.617,0.589,-5.034,0.0266,0,0.49,84.979,0.0519,2,1,4,0.111,audio_features,2Vgo0mLTvZj6jWFv4Nqgo7,spotify:track:2Vgo0mLTvZj6jWFv4Nqgo7,https://api.spotify.com/v1/tracks/2Vgo0mLTvZj6jWFv4Nqgo7,https://api.spotify.com/v1/audio-analysis/2Vgo0mLTvZj6jWFv4Nqgo7,201000.0
37,0.305,0.0536,-18.215,0.0501,0.0136,0.294,166.222,0.994,8,1,3,0.403,audio_features,2WRYbId2ZeaRvytazsQ6Vh,spotify:track:2WRYbId2ZeaRvytazsQ6Vh,https://api.spotify.com/v1/tracks/2WRYbId2ZeaRvytazsQ6Vh,https://api.spotify.com/v1/audio-analysis/2WRYbId2ZeaRvytazsQ6Vh,138298.0
38,0.501,0.716,-4.661,0.0411,0,0.363,70.919,0.189,10,1,4,0.0606,audio_features,0MWxVd7Hk952psJoL249TT,spotify:track:0MWxVd7Hk952psJoL249TT,https://api.spotify.com/v1/tracks/0MWxVd7Hk952psJoL249TT,https://api.spotify.com/v1/audio-analysis/0MWxVd7Hk952psJoL249TT,203070.0
39,0.454,0.7,-6.222,0.0264,1.1e-06,0.0704,130.09,0.0649,7,1,4,0.115,audio_features,6qdpQ6jPiaCYE9Qw4nZVuD,spotify:track:6qdpQ6jPiaCYE9Qw4nZVuD,https://api.spotify.com/v1/tracks/6qdpQ6jPiaCYE9Qw4nZVuD,https://api.spotify.com/v1/audio-analysis/6qdpQ6jPiaCYE9Qw4nZVuD,241827.0
40,0.381,0.532,-7.842,0.0372,0,0.1,143.774,0.00318,2,1,4,0.098,audio_features,0VqMBJyeeRA4I6mSPO5uqZ,spotify:track:0VqMBJyeeRA4I6mSPO5uqZ,https://api.spotify.com/v1/tracks/0VqMBJyeeRA4I6mSPO5uqZ,https://api.spotify.com/v1/audio-analysis/0VqMBJyeeRA4I6mSPO5uqZ,302577.0
41,0.56,0.782,-6.669,0.045,0,0.646,150.886,0.0376,9,0,4,0.0944,audio_features,0hyP1FixDFPwp2BAmMntZd,spotify:track:0hyP1FixDFPwp2BAmMntZd,https://api.spotify.com/v1/tracks/0hyP1FixDFPwp2BAmMntZd,https://api.spotify.com/v1/audio-analysis/0hyP1FixDFPwp2BAmMntZd,182008.0
42,0.682,0.615,-5.953,0.046,0,0.502,80.056,0.478,7,1,4,0.157,audio_features,0jryNDjVMHRugXc6JXFQuG,spotify:track:0jryNDjVMHRugXc6JXFQuG,https://api.spotify.com/v1/tracks/0jryNDjVMHRugXc6JXFQuG,https://api.spotify.com/v1/audio-analysis/0jryNDjVMHRugXc6JXFQuG,173373.0
43,0.586,0.783,-3.684,0.026,0,0.483,95.932,0.0617,10,1,4,0.129,audio_features,6kpAhNL6CYs3NSbFs3tHwf,spotify:track:6kpAhNL6CYs3NSbFs3tHwf,https://api.spotify.com/v1/tracks/6kpAhNL6CYs3NSbFs3tHwf,https://api.spotify.com/v1/audio-analysis/6kpAhNL6CYs3NSbFs3tHwf,220000.0
44,0.345,0.482,-12.946,0.0448,0,0.481,68.384,0.0588,8,1,3,0.317,audio_features,2sZGeLC3p0vIBMWp4g2dxL,spotify:track:2sZGeLC3p0vIBMWp4g2dxL,https://api.spotify.com/v1/tracks/2sZGeLC3p0vIBMWp4g2dxL,https://api.spotify.com/v1/audio-analysis/2sZGeLC3p0vIBMWp4g2dxL,270093.0
45,0.583,0.752,-5.24,0.0352,0,0.402,93.983,0.0112,11,1,4,0.108,audio_features,17x1RzAOMVLuNnFqjdal2C,spotify:track:17x1RzAOMVLuNnFqjdal2C,https://api.spotify.com/v1/tracks/17x1RzAOMVLuNnFqjdal2C,https://api.spotify.com/v1/audio-analysis/17x1RzAOMVLuNnFqjdal2C,179120.0
46,0.359,0.614,-5.066,0.0293,0,0.135,147.858,0.0593,3,1,3,0.0867,audio_features,2UvrcTdxrrDGszXONI5G91,spotify:track:2UvrcTdxrrDGszXONI5G91,https://api.spotify.com/v1/tracks/2UvrcTdxrrDGszXONI5G91,https://api.spotify.com/v1/audio-analysis/2UvrcTdxrrDGszXONI5G91,275960.0
47,0.446,0.651,-6.383,0.0386,0,0.37,81.045,0.338,10,1,4,0.144,audio_features,0HGGx9fQ55LFw5QFIB5MKp,spotify:track:0HGGx9fQ55LFw5QFIB5MKp,https://api.spotify.com/v1/tracks/0HGGx9fQ55LFw5QFIB5MKp,https://api.spotify.com/v1/audio-analysis/0HGGx9fQ55LFw5QFIB5MKp,197947.0
48,0.259,0.466,-6.741,0.0331,0,0.106,81.922,0.0878,7,1,4,0.113,audio_features,3bGce0Swt1wEfOLZkCLFLI,spotify:track:3bGce0Swt1wEfOLZkCLFLI,https://api.spotify.com/v1/tracks/3bGce0Swt1wEfOLZkCLFLI,https://api.spotify.com/v1/audio-analysis/3bGce0Swt1wEfOLZkCLFLI,182971.0
49,0.528,0.709,-6.393,0.0392,0,0.423,141.962,0.367,10,1,4,0.153,audio_features,4vkeAHQBXmUTgMOfaT94CR,spotify:track:4vkeAHQBXmUTgMOfaT94CR,https://api.spotify.com/v1/tracks/4vkeAHQBXmUTgMOfaT94CR,https://api.spotify.com/v1/audio-analysis/4vkeAHQBXmUTgMOfaT94CR,205800.0
0,0.246,0.103,-27.18,0.0458,0.941,0.0386,132.573,0.876,9,1,4,0.0819,audio_features,0lD9X7rCCtgYzdduGOjqkN,spotify:track:0lD9X7rCCtgYzdduGOjqkN,https://api.spotify.com/v1/tracks/0lD9X7rCCtgYzdduGOjqkN,https://api.spotify.com/v1/audio-analysis/0lD9X7rCCtgYzdduGOjqkN,115000.0
1,0.184,0.00163,-35.949,0.0514,0.934,0.24,88.538,0.767,8,1,4,0.116,audio_features,3YdHvrhDf2ugBJOzuJ0snX,spotify:track:3YdHvrhDf2ugBJOzuJ0snX,https://api.spotify.com/v1/tracks/3YdHvrhDf2ugBJOzuJ0snX,https://api.spotify.com/v1/audio-analysis/3YdHvrhDf2ugBJOzuJ0snX,97560.0
2,0.586,0.404,-11.94,0.0494,0.165,0.369,133.901,0.506,9,0,4,0.0821,audio_features,4Y8MG7qcAMk7JB7Eebpcvu,spotify:track:4Y8MG7qcAMk7JB7Eebpcvu,https://api.spotify.com/v1/tracks/4Y8MG7qcAMk7JB7Eebpcvu,https://api.spotify.com/v1/audio-analysis/4Y8MG7qcAMk7JB7Eebpcvu,217027.0
3,0.293,0.237,-8.17,0.0284,0.0,0.108,92.935,0.78,6,1,4,0.11,audio_features,7r9kOxiNDnkAg5QKqtyjVk,spotify:track:7r9kOxiNDnkAg5QKqtyjVk,https://api.spotify.com/v1/tracks/7r9kOxiNDnkAg5QKqtyjVk,https://api.spotify.com/v1/audio-analysis/7r9kOxiNDnkAg5QKqtyjVk,215613.0
4,0.188,0.0776,-21.37,0.0425,0.917,0.0506,79.219,0.989,4,0,4,0.0799,audio_features,7MiXBG25ozczXh5e472Hia,spotify:track:7MiXBG25ozczXh5e472Hia,https://api.spotify.com/v1/tracks/7MiXBG25ozczXh5e472Hia,https://api.spotify.com/v1/audio-analysis/7MiXBG25ozczXh5e472Hia,500333.0
5,0.0743,0.0708,-32.482,0.046,0.579,0.0385,179.595,0.619,0,1,4,0.0644,audio_features,1SSTXRsMoLI6HRYQnlbI3e,spotify:track:1SSTXRsMoLI6HRYQnlbI3e,https://api.spotify.com/v1/tracks/1SSTXRsMoLI6HRYQnlbI3e,https://api.spotify.com/v1/audio-analysis/1SSTXRsMoLI6HRYQnlbI3e,93506.0
6,0.276,0.247,-14.227,0.0329,0.171,0.188,99.212,0.954,9,0,3,0.127,audio_features,70LJDJUseObPU5czxfHYkB,spotify:track:70LJDJUseObPU5czxfHYkB,https://api.spotify.com/v1/tracks/70LJDJUseObPU5czxfHYkB,https://api.spotify.com/v1/audio-analysis/70LJDJUseObPU5czxfHYkB,96000.0
7,0.334,0.567,-5.736,0.0414,2.78e-05,0.12,110.545,0.368,5,1,4,0.0953,audio_features,1zNkDuAsIpMf9vAMxeZ8Ih,spotify:track:1zNkDuAsIpMf9vAMxeZ8Ih,https://api.spotify.com/v1/tracks/1zNkDuAsIpMf9vAMxeZ8Ih,https://api.spotify.com/v1/audio-analysis/1zNkDuAsIpMf9vAMxeZ8Ih,255160.0
8,0.406,0.0657,-20.192,0.0408,0.53,0.0564,114.807,0.934,1,0,4,0.402,audio_features,1KAQVcoIvgTPt4e4IrSDN8,spotify:track:1KAQVcoIvgTPt4e4IrSDN8,https://api.spotify.com/v1/tracks/1KAQVcoIvgTPt4e4IrSDN8,https://api.spotify.com/v1/audio-analysis/1KAQVcoIvgTPt4e4IrSDN8,277148.0
9,0.431,0.252,-13.613,0.0413,1.23e-05,0.0869,84.783,0.938,0,1,4,0.12,audio_features,6lZnYjOFaoBVNFD0rf9kYl,spotify:track:6lZnYjOFaoBVNFD0rf9kYl,https://api.spotify.com/v1/tracks/6lZnYjOFaoBVNFD0rf9kYl,https://api.spotify.com/v1/audio-analysis/6lZnYjOFaoBVNFD0rf9kYl,436140.0
10,0.103,0.129,-24.866,0.0341,0.994,0.0424,73.68,0.908,4,1,4,0.109,audio_features,5o1ES0EZu3rPgPIX1J0vuN,spotify:track:5o1ES0EZu3rPgPIX1J0vuN,https://api.spotify.com/v1/tracks/5o1ES0EZu3rPgPIX1J0vuN,https://api.spotify.com/v1/audio-analysis/5o1ES0EZu3rPgPIX1J0vuN,131813.0
11,0.153,0.0258,-28.761,0.0463,0.914,0.037,135.289,0.859,2,1,3,0.108,audio_features,1u9LTPockjPQCvrpCmKYGl,spotify:track:1u9LTPockjPQCvrpCmKYGl,https://api.spotify.com/v1/tracks/1u9LTPockjPQCvrpCmKYGl,https://api.spotify.com/v1/audio-analysis/1u9LTPockjPQCvrpCmKYGl,92000.0
12,0.0983,0.0272,-21.134,0.0402,0.887,0.0707,67.071,0.97,2,1,4,0.124,audio_features,2MABF1tqhRc2OpEkcDN64m,spotify:track:2MABF1tqhRc2OpEkcDN64m,https://api.spotify.com/v1/tracks/2MABF1tqhRc2OpEkcDN64m,https://api.spotify.com/v1/audio-analysis/2MABF1tqhRc2OpEkcDN64m,445720.0
13,0.445,0.0634,-21.718,0.0345,0.00187,0.169,151.795,0.923,1,1,3,0.0846,audio_features,25wYwKsYFZH6O3bxuJtqvL,spotify:track:25wYwKsYFZH6O3bxuJtqvL,https://api.spotify.com/v1/tracks/25wYwKsYFZH6O3bxuJtqvL,https://api.spotify.com/v1/audio-analysis/25wYwKsYFZH6O3bxuJtqvL,337898.0
14,0.494,0.632,-6.89,0.0342,0.0,0.0797,147.873,0.682,5,1,4,0.0869,audio_features,6Up545NUflOiXo8cEraH49,spotify:track:6Up545NUflOiXo8cEraH49,https://api.spotify.com/v1/tracks/6Up545NUflOiXo8cEraH49,https://api.spotify.com/v1/audio-analysis/6Up545NUflOiXo8cEraH49,274693.0
15,0.223,0.00474,-34.755,0.0445,0.789,0.722,73.559,0.956,6,0,4,0.118,audio_features,71gWSEHseAZMBC9XlctI3e,spotify:track:71gWSEHseAZMBC9XlctI3e,https://api.spotify.com/v1/tracks/71gWSEHseAZMBC9XlctI3e,https://api.spotify.com/v1/audio-analysis/71gWSEHseAZMBC9XlctI3e,62697.0
16,0.562,0.463,-7.478,0.0787,0.000145,0.416,125.15,0.442,6,1,5,0.157,audio_features,2mzM4Y0Rnx2BDZqRnhQ5Q6,spotify:track:2mzM4Y0Rnx2BDZqRnhQ5Q6,https://api.spotify.com/v1/tracks/2mzM4Y0Rnx2BDZqRnhQ5Q6,https://api.spotify.com/v1/audio-analysis/2mzM4Y0Rnx2BDZqRnhQ5Q6,247579.0
17,0.088,0.00541,-34.765,0.0418,0.951,0.0793,85.962,0.994,11,1,4,0.129,audio_features,2dBQPRdC3PMPRLDfZXUShJ,spotify:track:2dBQPRdC3PMPRLDfZXUShJ,https://api.spotify.com/v1/tracks/2dBQPRdC3PMPRLDfZXUShJ,https://api.spotify.com/v1/audio-analysis/2dBQPRdC3PMPRLDfZXUShJ,379737.0
18,0.172,0.0555,-29.319,0.0481,0.864,0.0597,69.317,0.906,7,1,4,0.101,audio_features,6glj1F8ktbB9dGPAy9qi16,spotify:track:6glj1F8ktbB9dGPAy9qi16,https://api.spotify.com/v1/tracks/6glj1F8ktbB9dGPAy9qi16,https://api.spotify.com/v1/audio-analysis/6glj1F8ktbB9dGPAy9qi16,152625.0
19,0.708,0.555,-7.275,0.0734,0.00565,0.316,140.017,0.182,11,0,4,0.111,audio_features,7eZXAeqqdLDrAp2MvrPzWn,spotify:track:7eZXAeqqdLDrAp2MvrPzWn,https://api.spotify.com/v1/tracks/7eZXAeqqdLDrAp2MvrPzWn,https://api.spotify.com/v1/audio-analysis/7eZXAeqqdLDrAp2MvrPzWn,214893.0
20,0.727,0.435,-9.901,0.0281,2.12e-05,0.332,129.988,0.633,9,0,4,0.087,audio_features,65x8PLeBCisLJVSibyXemB,spotify:track:65x8PLeBCisLJVSibyXemB,https://api.spotify.com/v1/tracks/65x8PLeBCisLJVSibyXemB,https://api.spotify.com/v1/audio-analysis/65x8PLeBCisLJVSibyXemB,475827.0
21,0.207,0.0727,-30.402,0.0447,0.655,0.0329,70.316,0.25,0,1,3,0.105,audio_features,7jwe1frlegIGMOsiMSzYjz,spotify:track:7jwe1frlegIGMOsiMSzYjz,https://api.spotify.com/v1/tracks/7jwe1frlegIGMOsiMSzYjz,https://api.spotify.com/v1/audio-analysis/7jwe1frlegIGMOsiMSzYjz,76484.0
22,0.149,0.0491,-29.917,0.0396,0.886,0.0366,137.853,0.959,9,1,4,0.1,audio_features,6cusNiodCDAX9L1s5BVin4,spotify:track:6cusNiodCDAX9L1s5BVin4,https://api.spotify.com/v1/tracks/6cusNiodCDAX9L1s5BVin4,https://api.spotify.com/v1/audio-analysis/6cusNiodCDAX9L1s5BVin4,113000.0
23,0.0621,0.00169,-35.946,0.0554,0.911,0.158,61.857,0.738,0,1,4,0.113,audio_features,0l4hxymnAIKyUWXZAhnM3N,spotify:track:0l4hxymnAIKyUWXZAhnM3N,https://api.spotify.com/v1/tracks/0l4hxymnAIKyUWXZAhnM3N,https://api.spotify.com/v1/audio-analysis/0l4hxymnAIKyUWXZAhnM3N,101920.0
24,0.347,0.0798,-17.68,0.0349,0.0165,0.0393,110.916,0.954,1,0,4,0.448,audio_features,6ZBHXrYi2TBVfEzcyoQI3v,spotify:track:6ZBHXrYi2TBVfEzcyoQI3v,https://api.spotify.com/v1/tracks/6ZBHXrYi2TBVfEzcyoQI3v,https://api.spotify.com/v1/audio-analysis/6ZBHXrYi2TBVfEzcyoQI3v,279596.0
25,0.508,0.165,-15.947,0.0319,1.36e-05,0.304,140.876,0.942,4,0,4,0.113,audio_features,29C4TPXCJbLjCTYXWoZc4Q,spotify:track:29C4TPXCJbLjCTYXWoZc4Q,https://api.spotify.com/v1/tracks/29C4TPXCJbLjCTYXWoZc4Q,https://api.spotify.com/v1/audio-analysis/29C4TPXCJbLjCTYXWoZc4Q,321733.0
26,0.612,0.203,-20.308,0.0346,0.701,0.652,74.983,0.922,8,0,4,0.12,audio_features,3Gkg9mRJXJgNpozGIs7Nrm,spotify:track:3Gkg9mRJXJgNpozGIs7Nrm,https://api.spotify.com/v1/tracks/3Gkg9mRJXJgNpozGIs7Nrm,https://api.spotify.com/v1/audio-analysis/3Gkg9mRJXJgNpozGIs7Nrm,446818.0
27,0.742,0.504,-10.105,0.0392,0.517,0.601,140.0,0.686,1,1,4,0.103,audio_features,7iEKaA9Kkn9JfqyKb9HEvR,spotify:track:7iEKaA9Kkn9JfqyKb9HEvR,https://api.spotify.com/v1/tracks/7iEKaA9Kkn9JfqyKb9HEvR,https://api.spotify.com/v1/audio-analysis/7iEKaA9Kkn9JfqyKb9HEvR,226118.0
28,0.136,0.0597,-25.732,0.0406,0.975,0.0399,73.444,0.907,4,1,4,0.0905,audio_features,4sWuvrtPqKFLxAls94bVjp,spotify:track:4sWuvrtPqKFLxAls94bVjp,https://api.spotify.com/v1/tracks/4sWuvrtPqKFLxAls94bVjp,https://api.spotify.com/v1/audio-analysis/4sWuvrtPqKFLxAls94bVjp,119067.0
29,0.0789,0.0318,-35.101,0.0392,0.951,0.0379,175.065,0.994,3,0,4,0.113,audio_features,5NPIToRUPQSVn8xxEjizxB,spotify:track:5NPIToRUPQSVn8xxEjizxB,https://api.spotify.com/v1/tracks/5NPIToRUPQSVn8xxEjizxB,https://api.spotify.com/v1/audio-analysis/5NPIToRUPQSVn8xxEjizxB,114848.0
30,0.88,0.593,-5.394,0.0326,0.0,0.904,126.992,0.598,5,1,4,0.156,audio_features,0Fd9LHU2Eu8RGaxchCQbaP,spotify:track:0Fd9LHU2Eu8RGaxchCQbaP,https://api.spotify.com/v1/tracks/0Fd9LHU2Eu8RGaxchCQbaP,https://api.spotify.com/v1/audio-analysis/0Fd9LHU2Eu8RGaxchCQbaP,200433.0
31,0.452,0.589,-8.371,0.0458,0.00048,0.315,141.692,0.18,10,0,4,0.139,audio_features,35SbrfbaSpGUBX7e5BPega,spotify:track:35SbrfbaSpGUBX7e5BPega,https://api.spotify.com/v1/tracks/35SbrfbaSpGUBX7e5BPega,https://api.spotify.com/v1/audio-analysis/35SbrfbaSpGUBX7e5BPega,219955.0
32,0.0733,0.0338,-31.662,0.0523,0.53,0.037,79.368,0.503,0,1,4,0.101,audio_features,08rpS3AeHRmiyelOO7dp7b,spotify:track:08rpS3AeHRmiyelOO7dp7b,https://api.spotify.com/v1/tracks/08rpS3AeHRmiyelOO7dp7b,https://api.spotify.com/v1/audio-analysis/08rpS3AeHRmiyelOO7dp7b,95000.0
33,0.17,0.0264,-30.509,0.0385,0.801,0.0376,72.196,0.924,8,1,4,0.108,audio_features,5TVM67jKhJM48sY7tvHrMO,spotify:track:5TVM67jKhJM48sY7tvHrMO,https://api.spotify.com/v1/tracks/5TVM67jKhJM48sY7tvHrMO,https://api.spotify.com/v1/audio-analysis/5TVM67jKhJM48sY7tvHrMO,168500.0
34,0.57,0.296,-15.492,0.0349,0.0353,0.201,139.413,0.895,4,1,4,0.115,audio_features,7kdJcH97qbvW7ubH6ukOTf,spotify:track:7kdJcH97qbvW7ubH6ukOTf,https://api.spotify.com/v1/tracks/7kdJcH97qbvW7ubH6ukOTf,https://api.spotify.com/v1/audio-analysis/7kdJcH97qbvW7ubH6ukOTf,351866.0
35,0.328,0.0669,-24.587,0.047,0.861,0.223,82.143,0.967,2,1,3,0.107,audio_features,54bMKPGkOYOr311kXPQWFv,spotify:track:54bMKPGkOYOr311kXPQWFv,https://api.spotify.com/v1/tracks/54bMKPGkOYOr311kXPQWFv,https://api.spotify.com/v1/audio-analysis/54bMKPGkOYOr311kXPQWFv,77680.0
36,0.364,0.143,-21.383,0.0405,0.000336,0.213,160.009,0.932,0,0,3,0.18,audio_features,0P9s5T81rdcecfKSsY2Oij,spotify:track:0P9s5T81rdcecfKSsY2Oij,https://api.spotify.com/v1/tracks/0P9s5T81rdcecfKSsY2Oij,https://api.spotify.com/v1/audio-analysis/0P9s5T81rdcecfKSsY2Oij,432987.0
37,0.655,0.105,-21.647,0.0474,0.00196,0.428,87.766,0.799,7,0,4,0.0947,audio_features,09ID9xg4JsT6Zqyg5hPgBR,spotify:track:09ID9xg4JsT6Zqyg5hPgBR,https://api.spotify.com/v1/tracks/09ID9xg4JsT6Zqyg5hPgBR,https://api.spotify.com/v1/audio-analysis/09ID9xg4JsT6Zqyg5hPgBR,239020.0
38,0.432,0.0513,-19.795,0.0378,0.918,0.127,139.545,0.977,9,1,4,0.125,audio_features,174yp4XX5F3HGX82Lj2JBB,spotify:track:174yp4XX5F3HGX82Lj2JBB,https://api.spotify.com/v1/tracks/174yp4XX5F3HGX82Lj2JBB,https://api.spotify.com/v1/audio-analysis/174yp4XX5F3HGX82Lj2JBB,202440.0
39,0.677,0.211,-12.873,0.0327,9.93e-05,0.539,142.056,0.86,4,0,3,0.0936,audio_features,3FeUfu0y2ZkG3pzCYkYZkh,spotify:track:3FeUfu0y2ZkG3pzCYkYZkh,https://api.spotify.com/v1/tracks/3FeUfu0y2ZkG3pzCYkYZkh,https://api.spotify.com/v1/audio-analysis/3FeUfu0y2ZkG3pzCYkYZkh,489392.0
40,0.25,0.357,-8.523,0.0356,0.342,0.0467,123.164,0.796,7,1,5,0.111,audio_features,559gb5MgxOesyGrrrxSx3m,spotify:track:559gb5MgxOesyGrrrxSx3m,https://api.spotify.com/v1/tracks/559gb5MgxOesyGrrrxSx3m,https://api.spotify.com/v1/audio-analysis/559gb5MgxOesyGrrrxSx3m,529760.0
41,0.73,0.58,-5.813,0.0431,0.0,0.652,90.99,0.403,2,1,4,0.15,audio_features,3UUPQ4sAtAVnkcaSr06NBi,spotify:track:3UUPQ4sAtAVnkcaSr06NBi,https://api.spotify.com/v1/tracks/3UUPQ4sAtAVnkcaSr06NBi,https://api.spotify.com/v1/audio-analysis/3UUPQ4sAtAVnkcaSr06NBi,183013.0
42,0.093,0.06,-26.762,0.0349,0.968,0.0371,162.529,0.943,5,0,4,0.0964,audio_features,5vC0xmHFjc3iWHAfjuj7jp,spotify:track:5vC0xmHFjc3iWHAfjuj7jp,https://api.spotify.com/v1/tracks/5vC0xmHFjc3iWHAfjuj7jp,https://api.spotify.com/v1/audio-analysis/5vC0xmHFjc3iWHAfjuj7jp,110696.0
43,0.0848,0.0372,-29.227,0.0463,0.641,0.0268,168.604,0.379,0,1,4,0.0887,audio_features,4V4cRV8MzaR5lkxU6pYes8,spotify:track:4V4cRV8MzaR5lkxU6pYes8,https://api.spotify.com/v1/tracks/4V4cRV8MzaR5lkxU6pYes8,https://api.spotify.com/v1/audio-analysis/4V4cRV8MzaR5lkxU6pYes8,96000.0
44,0.153,0.0868,-25.53,0.0417,0.917,0.0362,138.427,0.968,9,1,4,0.096,audio_features,4MBA5divJnGAgWzJsSVqB2,spotify:track:4MBA5divJnGAgWzJsSVqB2,https://api.spotify.com/v1/tracks/4MBA5divJnGAgWzJsSVqB2,https://api.spotify.com/v1/audio-analysis/4MBA5divJnGAgWzJsSVqB2,135000.0
45,0.185,0.0186,-30.458,0.0471,0.709,0.0361,88.805,0.869,5,1,4,0.0954,audio_features,43hnjJayMstXuSeAx1BWPz,spotify:track:43hnjJayMstXuSeAx1BWPz,https://api.spotify.com/v1/tracks/43hnjJayMstXuSeAx1BWPz,https://api.spotify.com/v1/audio-analysis/43hnjJayMstXuSeAx1BWPz,188250.0
46,0.259,0.0344,-26.394,0.0665,0.962,0.166,71.956,0.973,9,0,4,0.104,audio_features,3u1Vh4x9PK3CO73BLDg13a,spotify:track:3u1Vh4x9PK3CO73BLDg13a,https://api.spotify.com/v1/tracks/3u1Vh4x9PK3CO73BLDg13a,https://api.spotify.com/v1/audio-analysis/3u1Vh4x9PK3CO73BLDg13a,98604.0
47,0.0772,0.0188,-33.336,0.0463,0.93,0.0364,182.036,0.994,7,0,5,0.109,audio_features,4MtZIl9gmxqy2gPu33GjCH,spotify:track:4MtZIl9gmxqy2gPu33GjCH,https://api.spotify.com/v1/tracks/4MtZIl9gmxqy2gPu33GjCH,https://api.spotify.com/v1/audio-analysis/4MtZIl9gmxqy2gPu33GjCH,68612.0
48,0.508,0.402,-7.168,0.0279,0.0,0.196,133.906,0.691,5,1,4,0.103,audio_features,6Jmxn8oQ0oKepxEusNbTPA,spotify:track:6Jmxn8oQ0oKepxEusNbTPA,https://api.spotify.com/v1/tracks/6Jmxn8oQ0oKepxEusNbTPA,https://api.spotify.com/v1/audio-analysis/6Jmxn8oQ0oKepxEusNbTPA,233774.0
49,0.17,0.332,-12.074,0.029,0.129,0.146,74.748,0.889,2,1,4,0.116,audio_features,2QrDEY1DqZJdDZGf1OuUNK,spotify:track:2QrDEY1DqZJdDZGf1OuUNK,https://api.spotify.com/v1/tracks/2QrDEY1DqZJdDZGf1OuUNK,https://api.spotify.com/v1/audio-analysis/2QrDEY1DqZJdDZGf1OuUNK,473307.0
0,0.494,0.632,-6.89,0.0342,0,0.0797,147.873,0.682,5,1,4,0.0869,audio_features,6Up545NUflOiXo8cEraH49,spotify:track:6Up545NUflOiXo8cEraH49,https://api.spotify.com/v1/tracks/6Up545NUflOiXo8cEraH49,https://api.spotify.com/v1/audio-analysis/6Up545NUflOiXo8cEraH49,274693.0
1,0.42,0.612,-5.359,0.048,0,0.135,159.685,0.0917,4,1,4,0.0914,audio_features,1G5S1rEr4L57ftizRHcYDP,spotify:track:1G5S1rEr4L57ftizRHcYDP,https://api.spotify.com/v1/tracks/1G5S1rEr4L57ftizRHcYDP,https://api.spotify.com/v1/audio-analysis/1G5S1rEr4L57ftizRHcYDP,248253.0
2,0.417,0.524,-6.6,0.0326,0,0.152,75.266,0.048,10,1,4,0.103,audio_features,72B1Omo2kmEst4YKO8vOB6,spotify:track:72B1Omo2kmEst4YKO8vOB6,https://api.spotify.com/v1/tracks/72B1Omo2kmEst4YKO8vOB6,https://api.spotify.com/v1/audio-analysis/72B1Omo2kmEst4YKO8vOB6,238307.0
3,0.561,0.717,-5.72,0.0381,0,0.455,79.993,0.458,8,1,4,0.138,audio_features,0W7KIc2GSB9suYQAaMZ9rF,spotify:track:0W7KIc2GSB9suYQAaMZ9rF,https://api.spotify.com/v1/tracks/0W7KIc2GSB9suYQAaMZ9rF,https://api.spotify.com/v1/audio-analysis/0W7KIc2GSB9suYQAaMZ9rF,206400.0
4,0.512,0.814,-5.467,0.0327,0,0.277,97.996,0.00419,10,1,4,0.0991,audio_features,0RW1xWSPxmbXf012RN3yWl,spotify:track:0RW1xWSPxmbXf012RN3yWl,https://api.spotify.com/v1/tracks/0RW1xWSPxmbXf012RN3yWl,https://api.spotify.com/v1/audio-analysis/0RW1xWSPxmbXf012RN3yWl,279787.0
5,0.581,0.715,-5.524,0.0413,1.27e-06,0.52,90.123,0.162,11,1,4,0.258,audio_features,02RCTBFKyLaECOTgfr0zTM,spotify:track:02RCTBFKyLaECOTgfr0zTM,https://api.spotify.com/v1/tracks/02RCTBFKyLaECOTgfr0zTM,https://api.spotify.com/v1/audio-analysis/02RCTBFKyLaECOTgfr0zTM,176707.0
6,0.373,0.506,-5.404,0.0273,1.03e-06,0.123,157.742,0.718,0,0,3,0.118,audio_features,1V3eyBz3pfkn9lBOlfle4x,spotify:track:1V3eyBz3pfkn9lBOlfle4x,https://api.spotify.com/v1/tracks/1V3eyBz3pfkn9lBOlfle4x,https://api.spotify.com/v1/audio-analysis/1V3eyBz3pfkn9lBOlfle4x,236200.0
7,0.576,0.303,-10.359,0.0489,0,0.753,77.872,0.786,1,1,4,0.0993,audio_features,1hrF6s6kfXuPv14OrD9v6X,spotify:track:1hrF6s6kfXuPv14OrD9v6X,https://api.spotify.com/v1/tracks/1hrF6s6kfXuPv14OrD9v6X,https://api.spotify.com/v1/audio-analysis/1hrF6s6kfXuPv14OrD9v6X,198140.0
8,0.471,0.164,-10.879,0.0324,0,0.17,125.242,0.833,7,1,4,0.101,audio_features,5W9Al2ewPfzbWHOV2BAtBR,spotify:track:5W9Al2ewPfzbWHOV2BAtBR,https://api.spotify.com/v1/tracks/5W9Al2ewPfzbWHOV2BAtBR,https://api.spotify.com/v1/audio-analysis/5W9Al2ewPfzbWHOV2BAtBR,267067.0
9,0.467,0.715,-5.076,0.0348,0,0.367,156.074,0.0231,0,1,4,0.144,audio_features,17GmwQ9Q3MTAz05OokmNNB,spotify:track:17GmwQ9Q3MTAz05OokmNNB,https://api.spotify.com/v1/tracks/17GmwQ9Q3MTAz05OokmNNB,https://api.spotify.com/v1/audio-analysis/17GmwQ9Q3MTAz05OokmNNB,196467.0
10,0.538,0.41,-9.708,0.0297,1.07e-05,0.115,80.971,0.2,9,1,3,0.0676,audio_features,7o7YMusB6yqUQUtz7lDVrg,spotify:track:7o7YMusB6yqUQUtz7lDVrg,https://api.spotify.com/v1/tracks/7o7YMusB6yqUQUtz7lDVrg,https://api.spotify.com/v1/audio-analysis/7o7YMusB6yqUQUtz7lDVrg,255320.0
11,0.412,0.645,-5.935,0.0347,0,0.213,173.207,0.0517,6,1,3,0.108,audio_features,14y2v3YBpaAxsDpNqXAiVm,spotify:track:14y2v3YBpaAxsDpNqXAiVm,https://api.spotify.com/v1/tracks/14y2v3YBpaAxsDpNqXAiVm,https://api.spotify.com/v1/audio-analysis/14y2v3YBpaAxsDpNqXAiVm,201671.0
12,0.306,0.304,-8.178,0.0288,0,0.277,139.32,0.834,0,1,4,0.154,audio_features,6FVg2subR7uoD80BmTOsdR,spotify:track:6FVg2subR7uoD80BmTOsdR,https://api.spotify.com/v1/tracks/6FVg2subR7uoD80BmTOsdR,https://api.spotify.com/v1/audio-analysis/6FVg2subR7uoD80BmTOsdR,187573.0
13,0.618,0.591,-7.666,0.0364,0,0.451,125.969,0.291,11,1,4,0.121,audio_features,0CbDc6JeCKQGYVAI89abdm,spotify:track:0CbDc6JeCKQGYVAI89abdm,https://api.spotify.com/v1/tracks/0CbDc6JeCKQGYVAI89abdm,https://api.spotify.com/v1/audio-analysis/0CbDc6JeCKQGYVAI89abdm,219427.0
14,0.545,0.472,-7.552,0.0279,0,0.193,134.027,0.434,11,1,4,0.0684,audio_features,5VUQsLff8A3ruAyCdTxqzg,spotify:track:5VUQsLff8A3ruAyCdTxqzg,https://api.spotify.com/v1/tracks/5VUQsLff8A3ruAyCdTxqzg,https://api.spotify.com/v1/audio-analysis/5VUQsLff8A3ruAyCdTxqzg,335907.0
15,0.58,0.704,-5.942,0.0282,0,0.549,139.896,0.0428,8,1,4,0.101,audio_features,6okuhsKrNfoxY4FdJpClgy,spotify:track:6okuhsKrNfoxY4FdJpClgy,https://api.spotify.com/v1/tracks/6okuhsKrNfoxY4FdJpClgy,https://api.spotify.com/v1/audio-analysis/6okuhsKrNfoxY4FdJpClgy,197046.0
16,0.496,0.645,-5.346,0.0419,0,0.317,72.014,0.271,6,0,4,0.107,audio_features,5maAhFnbY2RPPYcaCPB1Tb,spotify:track:5maAhFnbY2RPPYcaCPB1Tb,https://api.spotify.com/v1/tracks/5maAhFnbY2RPPYcaCPB1Tb,https://api.spotify.com/v1/audio-analysis/5maAhFnbY2RPPYcaCPB1Tb,203774.0
17,0.814,0.613,-4.312,0.0395,0,0.77,107.021,0.299,4,1,4,0.11,audio_features,5EOxWjVqnImaK8gnvFCFTt,spotify:track:5EOxWjVqnImaK8gnvFCFTt,https://api.spotify.com/v1/tracks/5EOxWjVqnImaK8gnvFCFTt,https://api.spotify.com/v1/audio-analysis/5EOxWjVqnImaK8gnvFCFTt,168647.0
18,0.6,0.875,-5.839,0.101,0,0.734,84.061,0.114,5,0,4,0.715,audio_features,5qFDlKHNb0v68YSghSY4GK,spotify:track:5qFDlKHNb0v68YSghSY4GK,https://api.spotify.com/v1/tracks/5qFDlKHNb0v68YSghSY4GK,https://api.spotify.com/v1/audio-analysis/5qFDlKHNb0v68YSghSY4GK,340133.0
19,0.434,0.865,-5.575,0.0518,0,0.36,156.11,0.0161,8,1,4,0.378,audio_features,520DLGbk0HtjYAkcTVjuaq,spotify:track:520DLGbk0HtjYAkcTVjuaq,https://api.spotify.com/v1/tracks/520DLGbk0HtjYAkcTVjuaq,https://api.spotify.com/v1/audio-analysis/520DLGbk0HtjYAkcTVjuaq,217656.0
20,0.468,0.786,-2.757,0.0334,0,0.461,84.992,0.0363,9,1,4,0.31,audio_features,2aMb1asq5acm7cDYlFsYhY,spotify:track:2aMb1asq5acm7cDYlFsYhY,https://api.spotify.com/v1/tracks/2aMb1asq5acm7cDYlFsYhY,https://api.spotify.com/v1/audio-analysis/2aMb1asq5acm7cDYlFsYhY,219720.0
21,0.697,0.944,-2.796,0.0327,0.000162,0.846,119.994,0.00173,7,0,4,0.32,audio_features,5legkLUDyq0qOg4TR7wUAs,spotify:track:5legkLUDyq0qOg4TR7wUAs,https://api.spotify.com/v1/tracks/5legkLUDyq0qOg4TR7wUAs,https://api.spotify.com/v1/audio-analysis/5legkLUDyq0qOg4TR7wUAs,223627.0
22,0.509,0.75,-5.884,0.0397,0,0.131,120.001,0.00208,11,1,4,0.182,audio_features,0pAPFaE1Iwfvex9EVJuQlG,spotify:track:0pAPFaE1Iwfvex9EVJuQlG,https://api.spotify.com/v1/tracks/0pAPFaE1Iwfvex9EVJuQlG,https://api.spotify.com/v1/audio-analysis/0pAPFaE1Iwfvex9EVJuQlG,248733.0
23,0.619,0.631,-6.9,0.0301,1.96e-05,0.6,97.99,0.226,1,1,4,0.128,audio_features,5hPNvjfHsshgegY71cKdhO,spotify:track:5hPNvjfHsshgegY71cKdhO,https://api.spotify.com/v1/tracks/5hPNvjfHsshgegY71cKdhO,https://api.spotify.com/v1/audio-analysis/5hPNvjfHsshgegY71cKdhO,225681.0
24,0.461,0.802,-4.448,0.0325,0,0.342,144.518,0.112,0,1,4,0.116,audio_features,6HRU0CPcG0q3Dq8XVBWacL,spotify:track:6HRU0CPcG0q3Dq8XVBWacL,https://api.spotify.com/v1/tracks/6HRU0CPcG0q3Dq8XVBWacL,https://api.spotify.com/v1/audio-analysis/6HRU0CPcG0q3Dq8XVBWacL,221333.0
25,0.513,0.627,-7.455,0.0429,2.79e-06,0.109,143.988,0.64,3,1,4,0.165,audio_features,2fV1D2YYFYreZXNDhqxk4D,spotify:track:2fV1D2YYFYreZXNDhqxk4D,https://api.spotify.com/v1/tracks/2fV1D2YYFYreZXNDhqxk4D,https://api.spotify.com/v1/audio-analysis/2fV1D2YYFYreZXNDhqxk4D,202284.0
26,0.241,0.445,-10.443,0.0386,0,0.205,78.448,0.694,8,1,4,0.0842,audio_features,4OK1XrubP6GJs4f6czk8Jg,spotify:track:4OK1XrubP6GJs4f6czk8Jg,https://api.spotify.com/v1/tracks/4OK1XrubP6GJs4f6czk8Jg,https://api.spotify.com/v1/audio-analysis/4OK1XrubP6GJs4f6czk8Jg,306533.0
27,0.292,0.448,-7.931,0.036,0,0.331,80.092,0.187,0,1,4,0.235,audio_features,15eJjGIuCDEtF6ph4Hd3eR,spotify:track:15eJjGIuCDEtF6ph4Hd3eR,https://api.spotify.com/v1/tracks/15eJjGIuCDEtF6ph4Hd3eR,https://api.spotify.com/v1/audio-analysis/15eJjGIuCDEtF6ph4Hd3eR,205760.0
28,0.49,0.383,-6.072,0.0316,0,0.212,126.272,0.657,8,1,5,0.172,audio_features,6vXOAkNQQ1KLmnC7vGYA0c,spotify:track:6vXOAkNQQ1KLmnC7vGYA0c,https://api.spotify.com/v1/tracks/6vXOAkNQQ1KLmnC7vGYA0c,https://api.spotify.com/v1/audio-analysis/6vXOAkNQQ1KLmnC7vGYA0c,297693.0
29,0.531,0.622,-4.737,0.0424,0,0.263,145.951,0.0607,7,1,4,0.131,audio_features,0covwa001dCZVFNB2Jz2tt,spotify:track:0covwa001dCZVFNB2Jz2tt,https://api.spotify.com/v1/tracks/0covwa001dCZVFNB2Jz2tt,https://api.spotify.com/v1/audio-analysis/0covwa001dCZVFNB2Jz2tt,192862.0
30,0.619,0.75,-6.512,0.0667,0,0.392,81.03,0.034,2,1,4,0.532,audio_features,4Wea9K8KRTsrlfIks5yepP,spotify:track:4Wea9K8KRTsrlfIks5yepP,https://api.spotify.com/v1/tracks/4Wea9K8KRTsrlfIks5yepP,https://api.spotify.com/v1/audio-analysis/4Wea9K8KRTsrlfIks5yepP,191533.0
31,0.509,0.778,-3.608,0.0295,0,0.216,105.066,0.00998,11,1,4,0.19,audio_features,40lKptao1hxVqA7fd1OOGp,spotify:track:40lKptao1hxVqA7fd1OOGp,https://api.spotify.com/v1/tracks/40lKptao1hxVqA7fd1OOGp,https://api.spotify.com/v1/audio-analysis/40lKptao1hxVqA7fd1OOGp,285160.0
32,0.49,0.664,-4.943,0.0384,0,0.372,84.992,0.22,7,1,4,0.212,audio_features,7mwGxVzcNze72t7F2Om5dh,spotify:track:7mwGxVzcNze72t7F2Om5dh,https://api.spotify.com/v1/tracks/7mwGxVzcNze72t7F2Om5dh,https://api.spotify.com/v1/audio-analysis/7mwGxVzcNze72t7F2Om5dh,175143.0
33,0.461,0.413,-6.914,0.0327,2.25e-06,0.351,115.568,0.197,6,1,4,0.312,audio_features,6fG46PUotZMTgcAzAtFLOk,spotify:track:6fG46PUotZMTgcAzAtFLOk,https://api.spotify.com/v1/tracks/6fG46PUotZMTgcAzAtFLOk,https://api.spotify.com/v1/audio-analysis/6fG46PUotZMTgcAzAtFLOk,287573.0
34,0.61,0.813,-4.048,0.0301,0,0.729,87.005,0.127,11,0,4,0.107,audio_features,4BhKsrfLowNbN7F3JVhI8i,spotify:track:4BhKsrfLowNbN7F3JVhI8i,https://api.spotify.com/v1/tracks/4BhKsrfLowNbN7F3JVhI8i,https://api.spotify.com/v1/audio-analysis/4BhKsrfLowNbN7F3JVhI8i,215133.0
35,0.671,0.757,-6.935,0.0978,1.79e-06,0.539,198.035,0.399,8,1,4,0.2,audio_features,1Z25zW2xBqMHVfgYAdKeqX,spotify:track:1Z25zW2xBqMHVfgYAdKeqX,https://api.spotify.com/v1/tracks/1Z25zW2xBqMHVfgYAdKeqX,https://api.spotify.com/v1/audio-analysis/1Z25zW2xBqMHVfgYAdKeqX,153182.0
36,0.617,0.589,-5.034,0.0266,0,0.49,84.979,0.0519,2,1,4,0.111,audio_features,2Vgo0mLTvZj6jWFv4Nqgo7,spotify:track:2Vgo0mLTvZj6jWFv4Nqgo7,https://api.spotify.com/v1/tracks/2Vgo0mLTvZj6jWFv4Nqgo7,https://api.spotify.com/v1/audio-analysis/2Vgo0mLTvZj6jWFv4Nqgo7,201000.0
37,0.305,0.0536,-18.215,0.0501,0.0136,0.294,166.222,0.994,8,1,3,0.403,audio_features,2WRYbId2ZeaRvytazsQ6Vh,spotify:track:2WRYbId2ZeaRvytazsQ6Vh,https://api.spotify.com/v1/tracks/2WRYbId2ZeaRvytazsQ6Vh,https://api.spotify.com/v1/audio-analysis/2WRYbId2ZeaRvytazsQ6Vh,138298.0
38,0.501,0.716,-4.661,0.0411,0,0.363,70.919,0.189,10,1,4,0.0606,audio_features,0MWxVd7Hk952psJoL249TT,spotify:track:0MWxVd7Hk952psJoL249TT,https://api.spotify.com/v1/tracks/0MWxVd7Hk952psJoL249TT,https://api.spotify.com/v1/audio-analysis/0MWxVd7Hk952psJoL249TT,203070.0
39,0.454,0.7,-6.222,0.0264,1.1e-06,0.0704,130.09,0.0649,7,1,4,0.115,audio_features,6qdpQ6jPiaCYE9Qw4nZVuD,spotify:track:6qdpQ6jPiaCYE9Qw4nZVuD,https://api.spotify.com/v1/tracks/6qdpQ6jPiaCYE9Qw4nZVuD,https://api.spotify.com/v1/audio-analysis/6qdpQ6jPiaCYE9Qw4nZVuD,241827.0
40,0.381,0.532,-7.842,0.0372,0,0.1,143.774,0.00318,2,1,4,0.098,audio_features,0VqMBJyeeRA4I6mSPO5uqZ,spotify:track:0VqMBJyeeRA4I6mSPO5uqZ,https://api.spotify.com/v1/tracks/0VqMBJyeeRA4I6mSPO5uqZ,https://api.spotify.com/v1/audio-analysis/0VqMBJyeeRA4I6mSPO5uqZ,302577.0
41,0.56,0.782,-6.669,0.045,0,0.646,150.886,0.0376,9,0,4,0.0944,audio_features,0hyP1FixDFPwp2BAmMntZd,spotify:track:0hyP1FixDFPwp2BAmMntZd,https://api.spotify.com/v1/tracks/0hyP1FixDFPwp2BAmMntZd,https://api.spotify.com/v1/audio-analysis/0hyP1FixDFPwp2BAmMntZd,182008.0
42,0.682,0.615,-5.953,0.046,0,0.502,80.056,0.478,7,1,4,0.157,audio_features,0jryNDjVMHRugXc6JXFQuG,spotify:track:0jryNDjVMHRugXc6JXFQuG,https://api.spotify.com/v1/tracks/0jryNDjVMHRugXc6JXFQuG,https://api.spotify.com/v1/audio-analysis/0jryNDjVMHRugXc6JXFQuG,173373.0
43,0.586,0.783,-3.684,0.026,0,0.483,95.932,0.0617,10,1,4,0.129,audio_features,6kpAhNL6CYs3NSbFs3tHwf,spotify:track:6kpAhNL6CYs3NSbFs3tHwf,https://api.spotify.com/v1/tracks/6kpAhNL6CYs3NSbFs3tHwf,https://api.spotify.com/v1/audio-analysis/6kpAhNL6CYs3NSbFs3tHwf,220000.0
44,0.345,0.482,-12.946,0.0448,0,0.481,68.384,0.0588,8,1,3,0.317,audio_features,2sZGeLC3p0vIBMWp4g2dxL,spotify:track:2sZGeLC3p0vIBMWp4g2dxL,https://api.spotify.com/v1/tracks/2sZGeLC3p0vIBMWp4g2dxL,https://api.spotify.com/v1/audio-analysis/2sZGeLC3p0vIBMWp4g2dxL,270093.0
45,0.583,0.752,-5.24,0.0352,0,0.402,93.983,0.0112,11,1,4,0.108,audio_features,17x1RzAOMVLuNnFqjdal2C,spotify:track:17x1RzAOMVLuNnFqjdal2C,https://api.spotify.com/v1/tracks/17x1RzAOMVLuNnFqjdal2C,https://api.spotify.com/v1/audio-analysis/17x1RzAOMVLuNnFqjdal2C,179120.0
46,0.359,0.614,-5.066,0.0293,0,0.135,147.858,0.0593,3,1,3,0.0867,audio_features,2UvrcTdxrrDGszXONI5G91,spotify:track:2UvrcTdxrrDGszXONI5G91,https://api.spotify.com/v1/tracks/2UvrcTdxrrDGszXONI5G91,https://api.spotify.com/v1/audio-analysis/2UvrcTdxrrDGszXONI5G91,275960.0
47,0.446,0.651,-6.383,0.0386,0,0.37,81.045,0.338,10,1,4,0.144,audio_features,0HGGx9fQ55LFw5QFIB5MKp,spotify:track:0HGGx9fQ55LFw5QFIB5MKp,https://api.spotify.com/v1/tracks/0HGGx9fQ55LFw5QFIB5MKp,https://api.spotify.com/v1/audio-analysis/0HGGx9fQ55LFw5QFIB5MKp,197947.0
48,0.259,0.466,-6.741,0.0331,0,0.106,81.922,0.0878,7,1,4,0.113,audio_features,3bGce0Swt1wEfOLZkCLFLI,spotify:track:3bGce0Swt1wEfOLZkCLFLI,https://api.spotify.com/v1/tracks/3bGce0Swt1wEfOLZkCLFLI,https://api.spotify.com/v1/audio-analysis/3bGce0Swt1wEfOLZkCLFLI,182971.0
49,0.528,0.709,-6.393,0.0392,0,0.423,141.962,0.367,10,1,4,0.153,audio_features,4vkeAHQBXmUTgMOfaT94CR,spotify:track:4vkeAHQBXmUTgMOfaT94CR,https://api.spotify.com/v1/tracks/4vkeAHQBXmUTgMOfaT94CR,https://api.spotify.com/v1/audio-analysis/4vkeAHQBXmUTgMOfaT94CR,205800.0
0,0.644,0.616,-4.203,0.044,0.00157,0.858,143.127,0.303,1,0,4,0.179,audio_features,0srol0G3R5VOxbuy9OmPIT,spotify:track:0srol0G3R5VOxbuy9OmPIT,https://api.spotify.com/v1/tracks/0srol0G3R5VOxbuy9OmPIT,https://api.spotify.com/v1/audio-analysis/0srol0G3R5VOxbuy9OmPIT,406878.0
1,0.538,0.716,-9.246,0.0694,0.0082,0.883,136.201,0.182,1,1,4,0.0839,audio_features,3aamU3GxfBN8d4muHH9gCT,spotify:track:3aamU3GxfBN8d4muHH9gCT,https://api.spotify.com/v1/tracks/3aamU3GxfBN8d4muHH9gCT,https://api.spotify.com/v1/audio-analysis/3aamU3GxfBN8d4muHH9gCT,480987.0
2,0.347,0.362,-14.461,0.061,1.39e-05,0.561,84.787,0.796,1,1,4,0.0945,audio_features,6kTSWZhZvCoL1nPfLYoeWA,spotify:track:6kTSWZhZvCoL1nPfLYoeWA,https://api.spotify.com/v1/tracks/6kTSWZhZvCoL1nPfLYoeWA,https://api.spotify.com/v1/audio-analysis/6kTSWZhZvCoL1nPfLYoeWA,921213.0
3,0.651,0.104,-14.638,0.0469,0.0,0.471,119.715,0.861,0,0,4,0.113,audio_features,05YAU6nlZn5AyIx9Os7j9I,spotify:track:05YAU6nlZn5AyIx9Os7j9I,https://api.spotify.com/v1/tracks/05YAU6nlZn5AyIx9Os7j9I,https://api.spotify.com/v1/audio-analysis/05YAU6nlZn5AyIx9Os7j9I,65500.0
4,0.356,0.576,-7.872,0.0515,0.0,0.52,97.194,0.483,2,0,4,0.0866,audio_features,4wNuDyad5QnN7NGzXCKcPf,spotify:track:4wNuDyad5QnN7NGzXCKcPf,https://api.spotify.com/v1/tracks/4wNuDyad5QnN7NGzXCKcPf,https://api.spotify.com/v1/audio-analysis/4wNuDyad5QnN7NGzXCKcPf,322543.0
5,0.411,0.633,-5.783,0.043,3.82e-05,0.597,162.41,0.682,3,0,4,0.337,audio_features,14IzegDk2c1YVgFgvgl6fl,spotify:track:14IzegDk2c1YVgFgvgl6fl,https://api.spotify.com/v1/tracks/14IzegDk2c1YVgFgvgl6fl,https://api.spotify.com/v1/audio-analysis/14IzegDk2c1YVgFgvgl6fl,452500.0
6,0.471,0.831,-1.852,0.0472,0.0022,0.549,88.599,0.63,10,1,4,0.126,audio_features,3hTpuagTA4JJVGg0JYqYcX,spotify:track:3hTpuagTA4JJVGg0JYqYcX,https://api.spotify.com/v1/tracks/3hTpuagTA4JJVGg0JYqYcX,https://api.spotify.com/v1/audio-analysis/3hTpuagTA4JJVGg0JYqYcX,709669.0
7,0.342,0.664,-8.232,0.0476,0.118,0.72,143.665,0.679,10,0,4,0.101,audio_features,0Pwnvr34rMk4tc5aHm2kPs,spotify:track:0Pwnvr34rMk4tc5aHm2kPs,https://api.spotify.com/v1/tracks/0Pwnvr34rMk4tc5aHm2kPs,https://api.spotify.com/v1/audio-analysis/0Pwnvr34rMk4tc5aHm2kPs,955351.0
8,0.353,0.143,-12.215,0.0368,0.0,0.203,76.353,0.897,10,1,4,0.109,audio_features,2Jr1N9Sk0k24a9V0hPq2aU,spotify:track:2Jr1N9Sk0k24a9V0hPq2aU,https://api.spotify.com/v1/tracks/2Jr1N9Sk0k24a9V0hPq2aU,https://api.spotify.com/v1/audio-analysis/2Jr1N9Sk0k24a9V0hPq2aU,375790.0
9,0.494,0.559,-11.799,0.043,5.85e-06,0.786,136.002,0.809,8,0,3,0.16,audio_features,0Gka7NfuF5JvWRDpPUCMMK,spotify:track:0Gka7NfuF5JvWRDpPUCMMK,https://api.spotify.com/v1/tracks/0Gka7NfuF5JvWRDpPUCMMK,https://api.spotify.com/v1/audio-analysis/0Gka7NfuF5JvWRDpPUCMMK,584093.0
10,0.404,0.373,-10.666,0.0304,0.118,0.54,142.57,0.937,11,1,4,0.124,audio_features,5fj8CXugOZdqZKrIQ2VXDs,spotify:track:5fj8CXugOZdqZKrIQ2VXDs,https://api.spotify.com/v1/tracks/5fj8CXugOZdqZKrIQ2VXDs,https://api.spotify.com/v1/audio-analysis/5fj8CXugOZdqZKrIQ2VXDs,348400.0
11,0.437,0.55,-10.836,0.0341,0.0,0.675,127.402,0.302,5,0,3,0.234,audio_features,0gAtMKd1KZzpAPp9NWg2VA,spotify:track:0gAtMKd1KZzpAPp9NWg2VA,https://api.spotify.com/v1/tracks/0gAtMKd1KZzpAPp9NWg2VA,https://api.spotify.com/v1/audio-analysis/0gAtMKd1KZzpAPp9NWg2VA,786680.0
12,0.617,0.429,-10.466,0.03,0.486,0.413,120.034,0.913,8,1,5,0.117,audio_features,7MH83JqT0FbTPXqDhI3A1Y,spotify:track:7MH83JqT0FbTPXqDhI3A1Y,https://api.spotify.com/v1/tracks/7MH83JqT0FbTPXqDhI3A1Y,https://api.spotify.com/v1/audio-analysis/7MH83JqT0FbTPXqDhI3A1Y,392000.0
13,0.612,0.266,-11.166,0.0472,0.0,0.487,179.814,0.866,10,1,4,0.202,audio_features,5je0uUi7KxPbY4MZtvuewJ,spotify:track:5je0uUi7KxPbY4MZtvuewJ,https://api.spotify.com/v1/tracks/5je0uUi7KxPbY4MZtvuewJ,https://api.spotify.com/v1/audio-analysis/5je0uUi7KxPbY4MZtvuewJ,181333.0
14,0.431,0.686,-6.493,0.0534,0.000208,0.796,83.751,0.336,6,0,4,0.112,audio_features,1staG6GHwZpSPEdgWe7lai,spotify:track:1staG6GHwZpSPEdgWe7lai,https://api.spotify.com/v1/tracks/1staG6GHwZpSPEdgWe7lai,https://api.spotify.com/v1/audio-analysis/1staG6GHwZpSPEdgWe7lai,800621.0
15,0.483,0.57,-8.091,0.0418,0.000674,0.826,101.063,0.658,10,0,4,0.281,audio_features,5S5U0KlP9EqXiQ4vcJq0pz,spotify:track:5S5U0KlP9EqXiQ4vcJq0pz,https://api.spotify.com/v1/tracks/5S5U0KlP9EqXiQ4vcJq0pz,https://api.spotify.com/v1/audio-analysis/5S5U0KlP9EqXiQ4vcJq0pz,700232.0
16,0.453,0.864,-3.645,0.0663,0.019,0.727,100.164,0.0718,3,1,4,0.131,audio_features,2cBRmH7nF1LUjqiQe0Dx87,spotify:track:2cBRmH7nF1LUjqiQe0Dx87,https://api.spotify.com/v1/tracks/2cBRmH7nF1LUjqiQe0Dx87,https://api.spotify.com/v1/audio-analysis/2cBRmH7nF1LUjqiQe0Dx87,531506.0
17,0.685,0.659,-8.047,0.0303,0.0312,0.59,140.015,0.736,7,1,3,0.348,audio_features,28lrR9vnEwcIZFpmz6GJ7e,spotify:track:28lrR9vnEwcIZFpmz6GJ7e,https://api.spotify.com/v1/tracks/28lrR9vnEwcIZFpmz6GJ7e,https://api.spotify.com/v1/audio-analysis/28lrR9vnEwcIZFpmz6GJ7e,354000.0
18,0.305,0.778,-4.899,0.0443,0.000183,0.711,94.5,0.17,5,0,4,0.0723,audio_features,5rUwWuvZY5STv11Ydv6nUJ,spotify:track:5rUwWuvZY5STv11Ydv6nUJ,https://api.spotify.com/v1/tracks/5rUwWuvZY5STv11Ydv6nUJ,https://api.spotify.com/v1/audio-analysis/5rUwWuvZY5STv11Ydv6nUJ,507757.0
19,0.569,0.412,-10.124,0.0348,0.0,0.203,130.008,0.834,11,0,4,0.0808,audio_features,0VTPABw72kZ4roflPgEaht,spotify:track:0VTPABw72kZ4roflPgEaht,https://api.spotify.com/v1/tracks/0VTPABw72kZ4roflPgEaht,https://api.spotify.com/v1/audio-analysis/0VTPABw72kZ4roflPgEaht,655384.0
20,0.622,0.473,-10.636,0.0245,0.254,0.139,103.939,0.837,8,1,4,0.116,audio_features,6aC0Yf1PZ08qzVAelEjkkt,spotify:track:6aC0Yf1PZ08qzVAelEjkkt,https://api.spotify.com/v1/tracks/6aC0Yf1PZ08qzVAelEjkkt,https://api.spotify.com/v1/audio-analysis/6aC0Yf1PZ08qzVAelEjkkt,602481.0
21,0.502,0.755,-8.048,0.0489,7.11e-05,0.898,117.705,0.359,9,0,4,0.101,audio_features,5K2glC1CBnvP7STNIZ5DX7,spotify:track:5K2glC1CBnvP7STNIZ5DX7,https://api.spotify.com/v1/tracks/5K2glC1CBnvP7STNIZ5DX7,https://api.spotify.com/v1/audio-analysis/5K2glC1CBnvP7STNIZ5DX7,739151.0
22,0.37,0.473,-8.257,0.0313,0.0147,0.487,141.256,0.884,3,1,4,0.281,audio_features,3Or8W89Wl1WsVeq6Jqf5sg,spotify:track:3Or8W89Wl1WsVeq6Jqf5sg,https://api.spotify.com/v1/tracks/3Or8W89Wl1WsVeq6Jqf5sg,https://api.spotify.com/v1/audio-analysis/3Or8W89Wl1WsVeq6Jqf5sg,321100.0
23,0.499,0.532,-11.597,0.0608,0.000292,0.705,106.024,0.526,3,1,4,0.203,audio_features,10bivrainImxS78hePu3x2,spotify:track:10bivrainImxS78hePu3x2,https://api.spotify.com/v1/tracks/10bivrainImxS78hePu3x2,https://api.spotify.com/v1/audio-analysis/10bivrainImxS78hePu3x2,756251.0
24,0.264,0.399,-6.384,0.0322,0.0,0.17,141.91,0.726,1,1,5,0.0952,audio_features,1avgSVa6ldQFVeYmpYldVI,spotify:track:1avgSVa6ldQFVeYmpYldVI,https://api.spotify.com/v1/tracks/1avgSVa6ldQFVeYmpYldVI,https://api.spotify.com/v1/audio-analysis/1avgSVa6ldQFVeYmpYldVI,645000.0
25,0.494,0.344,-12.939,0.0345,0.00143,0.504,87.816,0.811,8,1,4,0.121,audio_features,6aIWp61ZempVpeYor8sYN1,spotify:track:6aIWp61ZempVpeYor8sYN1,https://api.spotify.com/v1/tracks/6aIWp61ZempVpeYor8sYN1,https://api.spotify.com/v1/audio-analysis/6aIWp61ZempVpeYor8sYN1,622806.0
26,0.419,0.323,-12.639,0.0429,3.7e-05,0.639,127.328,0.768,2,1,3,0.163,audio_features,2YM2hHlTthtskYT5Uykf4t,spotify:track:2YM2hHlTthtskYT5Uykf4t,https://api.spotify.com/v1/tracks/2YM2hHlTthtskYT5Uykf4t,https://api.spotify.com/v1/audio-analysis/2YM2hHlTthtskYT5Uykf4t,393360.0
27,0.447,0.719,-5.543,0.0368,0.000151,0.566,133.447,0.531,4,1,4,0.19,audio_features,1YfYcZENMP5J8jq9RmEaxI,spotify:track:1YfYcZENMP5J8jq9RmEaxI,https://api.spotify.com/v1/tracks/1YfYcZENMP5J8jq9RmEaxI,https://api.spotify.com/v1/audio-analysis/1YfYcZENMP5J8jq9RmEaxI,953455.0
28,0.452,0.907,-2.524,0.0598,0.000265,0.39,81.579,0.787,8,1,4,0.104,audio_features,75o9jYbiq6k4tQlhA6CQ1W,spotify:track:75o9jYbiq6k4tQlhA6CQ1W,https://api.spotify.com/v1/tracks/75o9jYbiq6k4tQlhA6CQ1W,https://api.spotify.com/v1/audio-analysis/75o9jYbiq6k4tQlhA6CQ1W,387520.0
29,0.421,0.184,-11.388,0.044,0.000711,0.449,147.165,0.97,6,0,4,0.141,audio_features,6xObAbm4G8LAQwKXI0NrtG,spotify:track:6xObAbm4G8LAQwKXI0NrtG,https://api.spotify.com/v1/tracks/6xObAbm4G8LAQwKXI0NrtG,https://api.spotify.com/v1/audio-analysis/6xObAbm4G8LAQwKXI0NrtG,262505.0
30,0.464,0.596,-11.61,0.0474,0.0,0.631,89.387,0.0301,4,1,4,0.0659,audio_features,727dfWSVbTbbmCRLA89n7i,spotify:track:727dfWSVbTbbmCRLA89n7i,https://api.spotify.com/v1/tracks/727dfWSVbTbbmCRLA89n7i,https://api.spotify.com/v1/audio-analysis/727dfWSVbTbbmCRLA89n7i,526080.0
31,0.574,0.0971,-22.088,0.0916,0.0,0.256,117.978,0.947,3,1,3,0.121,audio_features,0U3hpRSpi3STSBauicTGFz,spotify:track:0U3hpRSpi3STSBauicTGFz,https://api.spotify.com/v1/tracks/0U3hpRSpi3STSBauicTGFz,https://api.spotify.com/v1/audio-analysis/0U3hpRSpi3STSBauicTGFz,284168.0
32,0.401,0.417,-12.736,0.0323,0.00392,0.744,146.367,0.893,5,0,4,0.348,audio_features,2DdCJSiaxkT0KEbu8sHgUz,spotify:track:2DdCJSiaxkT0KEbu8sHgUz,https://api.spotify.com/v1/tracks/2DdCJSiaxkT0KEbu8sHgUz,https://api.spotify.com/v1/audio-analysis/2DdCJSiaxkT0KEbu8sHgUz,495463.0
33,0.347,0.549,-5.699,0.0281,0.00104,0.472,97.036,0.804,10,1,4,0.133,audio_features,0bxIlaVv7LyG4KZFwZI2v3,spotify:track:0bxIlaVv7LyG4KZFwZI2v3,https://api.spotify.com/v1/tracks/0bxIlaVv7LyG4KZFwZI2v3,https://api.spotify.com/v1/audio-analysis/0bxIlaVv7LyG4KZFwZI2v3,744853.0
34,0.354,0.736,-7.147,0.0555,0.00391,0.792,88.983,0.497,3,0,4,0.105,audio_features,26pTCQYOEozCxfUUtv2vxF,spotify:track:26pTCQYOEozCxfUUtv2vxF,https://api.spotify.com/v1/tracks/26pTCQYOEozCxfUUtv2vxF,https://api.spotify.com/v1/audio-analysis/26pTCQYOEozCxfUUtv2vxF,741813.0
35,0.487,0.607,-9.125,0.449,0.0,0.362,137.701,0.603,0,1,5,0.117,audio_features,7FENBu5fiEkOrpdxafdL6a,spotify:track:7FENBu5fiEkOrpdxafdL6a,https://api.spotify.com/v1/tracks/7FENBu5fiEkOrpdxafdL6a,https://api.spotify.com/v1/audio-analysis/7FENBu5fiEkOrpdxafdL6a,185760.0
36,0.803,0.637,-6.42,0.0358,5.99e-05,0.849,119.999,0.366,1,0,4,0.0964,audio_features,78wJrWIaCIqSvdt8z4dQgO,spotify:track:78wJrWIaCIqSvdt8z4dQgO,https://api.spotify.com/v1/tracks/78wJrWIaCIqSvdt8z4dQgO,https://api.spotify.com/v1/audio-analysis/78wJrWIaCIqSvdt8z4dQgO,674200.0
37,0.368,0.588,-5.714,0.0366,5.98e-06,0.554,86.075,0.741,3,0,4,0.0883,audio_features,07ZBpFkFuYBgLtET1IKlEb,spotify:track:07ZBpFkFuYBgLtET1IKlEb,https://api.spotify.com/v1/tracks/07ZBpFkFuYBgLtET1IKlEb,https://api.spotify.com/v1/audio-analysis/07ZBpFkFuYBgLtET1IKlEb,884513.0
38,0.555,0.79,-5.423,0.0679,0.0,0.951,148.508,0.321,5,1,4,0.341,audio_features,7yITTVw0jgmixmC1AdxK4G,spotify:track:7yITTVw0jgmixmC1AdxK4G,https://api.spotify.com/v1/tracks/7yITTVw0jgmixmC1AdxK4G,https://api.spotify.com/v1/audio-analysis/7yITTVw0jgmixmC1AdxK4G,546489.0
39,0.691,0.68,-6.03,0.0268,0.0,0.559,107.985,0.595,8,1,4,0.0612,audio_features,2DoRP6S2cH05KlScQ5AQ5R,spotify:track:2DoRP6S2cH05KlScQ5AQ5R,https://api.spotify.com/v1/tracks/2DoRP6S2cH05KlScQ5AQ5R,https://api.spotify.com/v1/audio-analysis/2DoRP6S2cH05KlScQ5AQ5R,387947.0
40,0.455,0.49,-11.768,0.0323,0.00394,0.667,137.61,0.738,5,0,4,0.194,audio_features,52yooX8jYLv1gWAW7Ic8cu,spotify:track:52yooX8jYLv1gWAW7Ic8cu,https://api.spotify.com/v1/tracks/52yooX8jYLv1gWAW7Ic8cu,https://api.spotify.com/v1/audio-analysis/52yooX8jYLv1gWAW7Ic8cu,715419.0
41,0.311,0.438,-13.036,0.0464,1.48e-05,0.472,147.267,0.651,4,1,4,0.28,audio_features,7g5SJT9MvZvKbsVixlfWrO,spotify:track:7g5SJT9MvZvKbsVixlfWrO,https://api.spotify.com/v1/tracks/7g5SJT9MvZvKbsVixlfWrO,https://api.spotify.com/v1/audio-analysis/7g5SJT9MvZvKbsVixlfWrO,1843042.0
42,0.524,0.177,-16.789,0.0329,0.0,0.269,120.073,0.813,6,1,4,0.139,audio_features,5rmTxKEXjHs2NwUanOMFYU,spotify:track:5rmTxKEXjHs2NwUanOMFYU,https://api.spotify.com/v1/tracks/5rmTxKEXjHs2NwUanOMFYU,https://api.spotify.com/v1/audio-analysis/5rmTxKEXjHs2NwUanOMFYU,437000.0
43,0.692,0.937,-4.714,0.0773,0.0,0.951,101.984,0.182,1,0,4,0.191,audio_features,4ZBZKoRztCc5kVZQo3p4gl,spotify:track:4ZBZKoRztCc5kVZQo3p4gl,https://api.spotify.com/v1/tracks/4ZBZKoRztCc5kVZQo3p4gl,https://api.spotify.com/v1/audio-analysis/4ZBZKoRztCc5kVZQo3p4gl,292941.0
44,0.691,0.464,-14.778,0.0477,0.000104,0.815,123.683,0.534,10,1,4,0.208,audio_features,7hKzPPh92Fq8cqUgL7QplA,spotify:track:7hKzPPh92Fq8cqUgL7QplA,https://api.spotify.com/v1/tracks/7hKzPPh92Fq8cqUgL7QplA,https://api.spotify.com/v1/audio-analysis/7hKzPPh92Fq8cqUgL7QplA,914097.0
45,0.451,0.542,-6.683,0.0408,0.000725,0.366,92.248,0.773,10,0,4,0.268,audio_features,7iOzwK1GEOEdHRqx1lqceo,spotify:track:7iOzwK1GEOEdHRqx1lqceo,https://api.spotify.com/v1/tracks/7iOzwK1GEOEdHRqx1lqceo,https://api.spotify.com/v1/audio-analysis/7iOzwK1GEOEdHRqx1lqceo,756124.0
46,0.493,0.416,-14.589,0.0349,0.0598,0.582,138.652,0.887,0,0,4,0.171,audio_features,21JWZ0t4sKt5MjUkecz1cW,spotify:track:21JWZ0t4sKt5MjUkecz1cW,https://api.spotify.com/v1/tracks/21JWZ0t4sKt5MjUkecz1cW,https://api.spotify.com/v1/audio-analysis/21JWZ0t4sKt5MjUkecz1cW,796253.0
47,0.521,0.509,-13.119,0.0343,0.0,0.874,141.059,0.38,4,0,4,0.834,audio_features,3lPg4G6EjzBZKdz6PS2JTP,spotify:track:3lPg4G6EjzBZKdz6PS2JTP,https://api.spotify.com/v1/tracks/3lPg4G6EjzBZKdz6PS2JTP,https://api.spotify.com/v1/audio-analysis/3lPg4G6EjzBZKdz6PS2JTP,249704.0
48,0.434,0.709,-8.023,0.0528,0.0,0.932,91.647,0.024,5,1,4,0.201,audio_features,3O6FLLVJXGnwjrVXjeCzLm,spotify:track:3O6FLLVJXGnwjrVXjeCzLm,https://api.spotify.com/v1/tracks/3O6FLLVJXGnwjrVXjeCzLm,https://api.spotify.com/v1/audio-analysis/3O6FLLVJXGnwjrVXjeCzLm,450000.0
49,0.637,0.568,-15.115,0.0404,1.6e-05,0.934,142.561,0.614,9,0,4,0.102,audio_features,2dbVdxaUKIRABlMuATPLd6,spotify:track:2dbVdxaUKIRABlMuATPLd6,https://api.spotify.com/v1/tracks/2dbVdxaUKIRABlMuATPLd6,https://api.spotify.com/v1/audio-analysis/2dbVdxaUKIRABlMuATPLd6,536543.0
